REFOLD_INDEX,WORD,READING,DEFINITION,WORD AUDIO
3,何,なに,what,[sound:JP1K_3_nani_word.mp3]
5,学校,がっこう,school,[sound:JP1K_5_gakkou_word.mp3]
6,行く,いく,to go,[sound:JP1K_6_iku_word.mp3]
8,子供,こども,"child, children",[sound:JP1K_8_kodomo_word.mp3]
9,連れる,つれる,to take (a person along),[sound:JP1K_9_tsureru_word.mp3]
10,犬,いぬ,dog,[sound:JP1K_10_inu_word.mp3]
11,宿題,しゅくだい,homework,[sound:JP1K_11_shukudai_word.mp3]
12,私,わたし,I,[sound:JP1K_12_watashi_word.mp3]
13,屋,や,(something) shop,[sound:JP1K_13_ya_word.mp3]
16,人,ひと,person,[sound:JP1K_16_hito_word.mp3]
17,教室,きょうしつ,classroom,[sound:JP1K_17_kyoushitsu_word.mp3]
19,鳴る,なる,"to sound, to ring",[sound:JP1K_19_naru1_word.mp3]
20,買う,かう,to buy,[sound:JP1K_20_kau_word.mp3]
21,本,ほん,book,[sound:JP1K_21_hon_word.mp3]
22,有名,ゆうめい,famous,[sound:JP1K_22_yuumei_word.mp3]
23,読む,よむ,to read,[sound:JP1K_23_yomu_word.mp3]
24,上がる,あがる,"to ascend, to go up, to be raised, to lift",[sound:JP1K_24_agaru_word.mp3]
25,成績,せいせき,grades (school),[sound:JP1K_25_seiseki_word.mp3]
27,言う,いう,"to say, speak",[sound:JP1K_27_iu_word.mp3]
29,問題,もんだい,"problem, question",[sound:JP1K_29_mondai_word.mp3]
30,考える,かんがえる,to think (about something),[sound:JP1K_30_kangaeru_word.mp3]
31,後,あと,"later, after",[sound:JP1K_31_ato_word.mp3]
32,毎日,まいにち,every day,[sound:JP1K_32_mainichi_word.mp3]
33,彼,かれ,"he, him",[sound:JP1K_33_kare_word.mp3]
34,来る,くる,to come,[sound:JP1K_34_kuru_word.mp3]
35,彼氏,かれし,boyfriend,[sound:JP1K_35_kareshi_word.mp3]
36,電話,でんわ,phone,[sound:JP1K_36_denwa_word.mp3]
37,集まる,あつまる,"to gather, to collect, to assemble",[sound:JP1K_37_atsumaru_word.mp3]
38,事,こと,"thing, matter",[sound:JP1K_38_koto_word.mp3]
39,好き,すき,"liking, fondness, love, being attractive (to)",[sound:JP1K_39_suki_word.mp3]
40,僕,ぼく,"I, me (male)",[sound:JP1K_40_boku_word.mp3]
41,勉強,べんきょう,study,[sound:JP1K_41_benkyou_word.mp3]
42,英語,えいご,english,[sound:JP1K_42_eigo_word.mp3]
43,教える,おしえる,"to teach, to tell",[sound:JP1K_43_oshieru_word.mp3]
44,分かる,わかる,"to understand, to comprehend",[sound:JP1K_44_wakaru_word.mp3]
45,手,て,hand,[sound:JP1K_45_te_word.mp3]
46,上げる,あげる,to raise,[sound:JP1K_46_ageru_word.mp3]
47,君,きみ,you,[sound:JP1K_47_kimi_word.mp3]
48,全然,ぜんぜん,not at all (with neg. verb),[sound:JP1K_48_zenzen_word.mp3]
49,友達,ともだち,"friend, companion",[sound:JP1K_49_tomodachi_word.mp3]
50,会う,あう,to meet,[sound:JP1K_50_au1_word.mp3]
51,生徒,せいと,"pupil, student",[sound:JP1K_51_seito_word.mp3]
52,兄,あに,older brother,[sound:JP1K_52_ani_word.mp3]
53,大学,だいがく,"university, college",[sound:JP1K_53_daigaku_word.mp3]
54,部,ぶ,"department, club",[sound:JP1K_54_bu_word.mp3]
55,方,ほう,"one side (of an argument, etc.)",[sound:JP1K_55_hou_word.mp3]
57,力,ちから,"strength, power",[sound:JP1K_57_chikara_word.mp3]
58,猫,ねこ,cat,[sound:JP1K_58_neko_word.mp3]
59,上,うえ,above,[sound:JP1K_59_ue_word.mp3]
60,置く,おく,"to put, to place",[sound:JP1K_60_oku_word.mp3]
61,色々,いろいろ,"various, all sorts of",[sound:JP1K_61_iroiro_word.mp3]
63,家,いえ,house,[sound:JP1K_63_ie_word.mp3]
64,美味しい,おいしい,delicious,[sound:JP1K_64_oishii_word.mp3]
65,遊ぶ,あそぶ,"to play, to hang out",[sound:JP1K_65_asobu_word.mp3]
66,明日,あした,tomorrow,[sound:JP1K_66_ashita_word.mp3]
67,料理,りょうり,"cooking, cuisine",[sound:JP1K_67_ryouri_word.mp3]
69,立つ,たつ,to stand,[sound:JP1K_69_tatsu1_word.mp3]
72,作る,つくる,"to create, to make",[sound:JP1K_72_tsukuru_word.mp3]
74,通る,とおる,to pass,[sound:JP1K_74_tooru_word.mp3]
75,高校,こうこう,high school,[sound:JP1K_75_koukou_word.mp3]
76,彼女,かのじょ,"she, her; girlfriend",[sound:JP1K_76_kanojo_word.mp3]
77,手伝う,てつだう,"to help, to assist",[sound:JP1K_77_tetsudau_word.mp3]
78,両親,りょうしん,parents,[sound:JP1K_78_ryoushin_word.mp3]
80,手紙,てがみ,letter,[sound:JP1K_80_tegami_word.mp3]
83,場所,ばしょ,"place, location",[sound:JP1K_83_basho_word.mp3]
85,様,さま,"Mr., Mrs., Ms. (very formal)",[sound:JP1K_85_sama_word.mp3]
87,数学,すうがく,mathematics,[sound:JP1K_87_suugaku_word.mp3]
88,解く,とく,"to untie, to unfasten, to solve",[sound:JP1K_88_toku_word.mp3]
89,難しい,むずかしい,"difficult, hard",[sound:JP1K_89_muzukashii_word.mp3]
91,中,なか,"middle, within",[sound:JP1K_91_naka1_word.mp3]
92,忙しい,いそがしい,busy,[sound:JP1K_92_isogashii_word.mp3]
93,仕事,しごと,"work, job",[sound:JP1K_93_shigoto_word.mp3]
94,疲れる,つかれる,"to get tired, to be worn out",[sound:JP1K_94_tsukareru_word.mp3]
95,休憩,きゅうけい,break (from doing something),[sound:JP1K_95_kyuukei_word.mp3]
96,取る,とる,to take,[sound:JP1K_96_toru_word.mp3]
97,任せる,まかせる,to entrust (a task) to another,[sound:JP1K_97_makaseru_word.mp3]
98,新しい,あたらしい,new,[sound:JP1K_98_atarashii_word.mp3]
99,前,まえ,"in front (of), before",[sound:JP1K_99_mae_word.mp3]
100,朝,あさ,morning,[sound:JP1K_100_asa_word.mp3]
101,降る,ふる,"to fall (rain, snow, etc)",[sound:JP1K_101_furu1_word.mp3]
102,日,ひ,day,[sound:JP1K_102_hi_word.mp3]
104,聞く,きく,to listen,[sound:JP1K_104_kiku_word.mp3]
105,先生,せんせい,teacher,[sound:JP1K_105_sensei_word.mp3]
106,今年,ことし,this year,[sound:JP1K_106_kotoshi_word.mp3]
107,冬,ふゆ,winter (season),[sound:JP1K_107_fuyu_word.mp3]
108,寒い,さむい,cold (weather),[sound:JP1K_108_samui_word.mp3]
109,誰,だれ,who,[sound:JP1K_109_dare_word.mp3]
110,店,みせ,"store, shop",[sound:JP1K_110_mise_word.mp3]
111,入る,はいる,to enter,[sound:JP1K_111_hairu_word.mp3]
112,本当,ほんとう,"really, truth",[sound:JP1K_112_hontou_word.mp3]
113,妹,いもうと,younger sister,[sound:JP1K_113_imouto_word.mp3]
114,買い物,かい 物[もの],shopping,[sound:JP1K_114_kaimono_word.mp3]
115,携帯,けいたい,cell phone,[sound:JP1K_115_keitai_word.mp3]
116,今日,きょう,today,[sound:JP1K_116_kyou_word.mp3]
117,暑い,あつい,hot (weather),[sound:JP1K_117_atsui1_word.mp3]
119,見る,みる,"to see, to look, to watch",[sound:JP1K_119_miru_word.mp3]
120,一緒,いっしょ,"together, at the same time",[sound:JP1K_120_issho_word.mp3]
121,映画,えいが,movie,[sound:JP1K_121_eiga_word.mp3]
122,面白い,おもしろい,"interesting, amusing",[sound:JP1K_122_omoshiroi_word.mp3]
123,周り,まわり,surroundings,[sound:JP1K_123_mawari_word.mp3]
125,知る,しる,"to know, to be aware of",[sound:JP1K_125_shiru_word.mp3]
128,名前,なまえ,"name, first name",[sound:JP1K_128_namae_word.mp3]
129,思い,おもい,"thought, feeling",[sound:JP1K_129_omoi1_word.mp3]
130,出す,だす,to take out,[sound:JP1K_130_dasu_word.mp3]
131,忘れる,わすれる,to forget,[sound:JP1K_131_wasureru_word.mp3]
132,恥ずかしい,はずかしい,"shameful, embarrassing",[sound:JP1K_132_hazukashii_word.mp3]
133,乾かす,かわかす,to dry,[sound:JP1K_133_kawakasu_word.mp3]
134,髪,かみ,hair (on the head),[sound:JP1K_134_kami1_word.mp3]
135,変わる,かわる,"to change, to be transformed, to be altered",[sound:JP1K_135_kawaru_word.mp3]
136,長い,ながい,"long (length, time)",[sound:JP1K_136_nagai_word.mp3]
137,足,あし,"leg, foot",[sound:JP1K_137_ashi_word.mp3]
138,強い,つよい,"strong, tough",[sound:JP1K_138_tsuyoi_word.mp3]
139,別,べつ,"separate, different",[sound:JP1K_139_betsu_word.mp3]
140,色,いろ,color,[sound:JP1K_140_iro_word.mp3]
142,歳,さい,age counter,[sound:JP1K_142_sai_word.mp3]
143,生きる,いきる,to live,[sound:JP1K_143_ikiru_word.mp3]
144,二人,ふたり,two people,[sound:JP1K_144_futari_word.mp3]
145,環境,かんきょう,environment,[sound:JP1K_145_kankyou_word.mp3]
146,息子,むすこ,son,[sound:JP1K_146_musuko_word.mp3]
147,受ける,うける,"to take (a test), to accept (a challenge), to receive",[sound:JP1K_147_ukeru_word.mp3]
148,授業,じゅぎょう,"lesson, class (school)",[sound:JP1K_148_jugyou_word.mp3]
149,終わる,おわる,"to finish, to end",[sound:JP1K_149_owaru_word.mp3]
150,俺,おれ,"I, me (male)",[sound:JP1K_150_ore_word.mp3]
152,待つ,まつ,to wait,[sound:JP1K_152_matsu_word.mp3]
153,椅子,いす,chair,[sound:JP1K_153_isu_word.mp3]
155,試合,しあい,"match, game",[sound:JP1K_155_shiai_word.mp3]
156,始まる,はじまる,"to begin, to start",[sound:JP1K_156_hajimaru_word.mp3]
157,年,とし,year,[sound:JP1K_157_toshi_word.mp3]
158,時,とき,when,[sound:JP1K_158_toki_word.mp3]
159,経つ,たつ,to elapse (time),[sound:JP1K_159_tatsu2_word.mp3]
160,最近,さいきん,"nowadays, recently",[sound:JP1K_160_saikin_word.mp3]
161,座る,すわる,to sit,[sound:JP1K_161_suwaru_word.mp3]
162,走る,はしる,to run,[sound:JP1K_162_hashiru_word.mp3]
163,必死,ひっし,"frantic, desperate",[sound:JP1K_163_hisshi_word.mp3]
164,机,つくえ,desk,[sound:JP1K_164_tsukue_word.mp3]
165,鉛筆,えんぴつ,pencil,[sound:JP1K_165_enpitsu_word.mp3]
166,子,こ,child,[sound:JP1K_166_ko_word.mp3]
167,運動,うんどう,exercise (physical),[sound:JP1K_167_undou_word.mp3]
169,夢,ゆめ,dream,[sound:JP1K_169_yume_word.mp3]
170,不思議,ふしぎ,"wonder, mystery",[sound:JP1K_170_fushigi_word.mp3]
171,歌,うた,song,[sound:JP1K_171_uta_word.mp3]
172,上手,じょうず,"good (at), skilled",[sound:JP1K_172_jouzu_word.mp3]
173,絵,え,"drawing, painting, sketch",[sound:JP1K_173_e_word.mp3]
174,上手い,うまい,"good, skilled",[sound:JP1K_174_umai_word.mp3]
177,褒める,ほめる,to praise,[sound:JP1K_177_homeru_word.mp3]
179,眠る,ねむる,to sleep,[sound:JP1K_179_nemuru_word.mp3]
180,思う,おもう,to think,[sound:JP1K_180_omou_word.mp3]
181,綺麗,きれい,"clean, beautiful",[sound:JP1K_181_kirei_word.mp3]
182,花,はな,flower,[sound:JP1K_182_hana_word.mp3]
183,咲く,さく,to bloom,[sound:JP1K_183_saku_word.mp3]
184,桜,さくら,cherry blossom,[sound:JP1K_184_sakura_word.mp3]
185,春,はる,spring (season),[sound:JP1K_185_haru1_word.mp3]
186,公園,こうえん,park,[sound:JP1K_186_kouen_word.mp3]
187,夜,よる,night,[sound:JP1K_187_yoru_word.mp3]
188,風呂,ふろ,bath,[sound:JP1K_188_furo_word.mp3]
189,脱ぐ,ぬぐ,to take off (clothes),[sound:JP1K_189_nugu_word.mp3]
190,部屋,へや,room,[sound:JP1K_190_heya_word.mp3]
191,片付ける,かたづける,to organize,[sound:JP1K_191_katadukeru_word.mp3]
192,一人,ひとり,one person,[sound:JP1K_192_hitori_word.mp3]
193,食べる,たべる,to eat,[sound:JP1K_193_taberu_word.mp3]
194,全部,ぜんぶ,"all, entire, whole, altogether",[sound:JP1K_194_zenbu_word.mp3]
195,月,つき,moon,[sound:JP1K_195_tsuki_word.mp3]
196,服,ふく,clothes,[sound:JP1K_196_fuku1_word.mp3]
197,山,やま,mountain,[sound:JP1K_197_yama_word.mp3]
198,見える,みえる,"be able to see, to be in sight",[sound:JP1K_198_mieru_word.mp3]
199,今夜,こんや,"this evening, tonight",[sound:JP1K_199_konya_word.mp3]
200,優しい,やさしい,"kind, nice",[sound:JP1K_200_yasashii_word.mp3]
201,対する,たいする,relating to something,[sound:JP1K_201_taisuru_word.mp3]
202,厳しい,きびしい,strict,[sound:JP1K_202_kibishii_word.mp3]
205,頃,ころ,(approximate) time,[sound:JP1K_205_koro_word.mp3]
206,小学生,しょうがくせい,elementary school student,[sound:JP1K_206_shougakusei_word.mp3]
208,音,おと,"sound, noise",[sound:JP1K_208_oto_word.mp3]
209,雨,あめ,rain,[sound:JP1K_209_ame_word.mp3]
210,聞こえる,きこえる,"to be audible, can hear",[sound:JP1K_210_kikoeru_word.mp3]
211,海,うみ,"sea, ocean",[sound:JP1K_211_umi_word.mp3]
212,波,なみ,wave (ocean),[sound:JP1K_212_nami_word.mp3]
214,応援,おうえん,"to cheer for, to support",[sound:JP1K_214_ouen_word.mp3]
215,選手,せんしゅ,"player (sports), athlete",[sound:JP1K_215_senshu_word.mp3]
216,目指す,めざす,"to aim at (for, to do, to become)",[sound:JP1K_216_mezasu_word.mp3]
217,将来,しょうらい,future (near term),[sound:JP1K_217_shourai_word.mp3]
218,野球,やきゅう,baseball,[sound:JP1K_218_yakyuu_word.mp3]
219,物,もの,"item, thing",[sound:JP1K_219_mono1_word.mp3]
220,姉,あね,older sister,[sound:JP1K_220_ane_word.mp3]
222,自分,じぶん,oneself,[sound:JP1K_222_jibun_word.mp3]
223,高い,たかい,"high, tall; expensive",[sound:JP1K_223_takai_word.mp3]
224,選ぶ,えらぶ,"to choose, to select",[sound:JP1K_224_erabu_word.mp3]
225,間違う,まちがう,"to be incorrect, to be mistaken",[sound:JP1K_225_machigau_word.mp3]
226,答え,こたえ,"answer, reply, response",[sound:JP1K_226_kotae_word.mp3]
228,濡れる,ぬれる,to get wet,[sound:JP1K_228_nureru_word.mp3]
229,止まる,とまる,to come to a stop,[sound:JP1K_229_tomaru1_word.mp3]
230,雪,ゆき,snow,[sound:JP1K_230_yuki_word.mp3]
231,戦争,せんそう,war,[sound:JP1K_231_sensou_word.mp3]
232,世界,せかい,"the world, society",[sound:JP1K_232_sekai_word.mp3]
233,平和,へいわ,peace,[sound:JP1K_233_heiwa_word.mp3]
234,弟,おとうと,"younger brother, little brother",[sound:JP1K_234_otouto_word.mp3]
235,車,くるま,car,[sound:JP1K_235_kuruma_word.mp3]
236,多い,おおい,"frequent, many",[sound:JP1K_236_ooi_word.mp3]
237,危ない,あぶない,"dangerous, risky, hazardous",[sound:JP1K_237_abunai_word.mp3]
238,道,みち,road,[sound:JP1K_238_michi_word.mp3]
239,父親,ちちおや,father,[sound:JP1K_239_chichioya_word.mp3]
240,病院,びょういん,hospital,[sound:JP1K_240_byouin_word.mp3]
241,気持ち,きもち,"feeling, emotion, mood",[sound:JP1K_241_kimochi_word.mp3]
242,伝える,つたえる,"to convey, to communicate",[sound:JP1K_242_tsutaeru_word.mp3]
243,飲む,のむ,to drink,[sound:JP1K_243_nomu_word.mp3]
244,酒,さけ,alcohol,[sound:JP1K_244_sake_word.mp3]
245,風,かぜ,wind,[sound:JP1K_245_kaze_word.mp3]
246,冷たい,つめたい,cold (to touch),[sound:JP1K_246_tsumetai_word.mp3]
247,吹く,ふく,to blow,[sound:JP1K_247_fuku2_word.mp3]
249,危険,きけん,danger,[sound:JP1K_249_kiken_word.mp3]
251,初めて,はじめて,for the first time,[sound:JP1K_251_hajimete_word.mp3]
252,肉,にく,meat,[sound:JP1K_252_niku_word.mp3]
253,昨日,きのう,yesterday,[sound:JP1K_253_kinou_word.mp3]
254,覚える,おぼえる,"to memorize, to remember",[sound:JP1K_254_oboeru_word.mp3]
255,今,いま,now,[sound:JP1K_255_ima_word.mp3]
256,話す,はなす,"to talk, to converse, to speak",[sound:JP1K_256_hanasu1_word.mp3]
257,一番,いちばん,"number one, first",[sound:JP1K_257_ichiban_word.mp3]
258,外,そと,outside,[sound:JP1K_258_soto_word.mp3]
259,電気,でんき,electricity,[sound:JP1K_259_denki_word.mp3]
260,暗い,くらい,dark,[sound:JP1K_260_kurai2_word.mp3]
261,気をつける,きをつける,to be careful,[sound:JP1K_261_kiwotsukeru_word.mp3]
262,迎える,むかえる,"to receive, to welcome, to greet",[sound:JP1K_262_mukaeru_word.mp3]
263,質問,しつもん,question,[sound:JP1K_263_shitsumon_word.mp3]
264,答える,こたえる,to answer,[sound:JP1K_264_kotaeru_word.mp3]
265,出来る,できる,"can, to be able to do",[sound:JP1K_265_dekiru_word.mp3]
266,祈る,いのる,to pray,[sound:JP1K_266_inoru_word.mp3]
267,受験,じゅけん,taking an examination (school and university entrance),[sound:JP1K_267_juken_word.mp3]
268,合格,ごうかく,passing (exam),[sound:JP1K_268_goukaku_word.mp3]
269,休む,やすむ,"to rest, to take a day off",[sound:JP1K_269_yasumu_word.mp3]
271,写真,しゃしん,"photo, picture",[sound:JP1K_271_shashin_word.mp3]
272,家族,かぞく,family,[sound:JP1K_272_kazoku_word.mp3]
273,飾る,かざる,to decorate,[sound:JP1K_273_kazaru_word.mp3]
274,壁,かべ,wall,[sound:JP1K_274_kabe_word.mp3]
275,塗る,ぬる,"to paint, to spread",[sound:JP1K_275_nuru_word.mp3]
276,旅行,りょこう,"travel, trip",[sound:JP1K_276_ryokou_word.mp3]
277,帰る,かえる,to return home,[sound:JP1K_277_kaeru1_word.mp3]
278,遅れる,おくれる,to be late,[sound:JP1K_278_okureru_word.mp3]
279,今朝,けさ,this morning,[sound:JP1K_279_kesa_word.mp3]
281,時間,じかん,time hours (period of),[sound:JP1K_281_jikan_word.mp3]
282,大きい,おおきい,"big, large",[sound:JP1K_282_ookii_word.mp3]
283,卒業,そつぎょう,graduation,[sound:JP1K_283_sotsugyou_word.mp3]
284,会社,かいしゃ,"company, corporation",[sound:JP1K_284_kaisha_word.mp3]
285,働く,はたらく,to work,[sound:JP1K_285_hataraku_word.mp3]
286,掛ける,かける,to hang,[sound:JP1K_286_kakeru_word.mp3]
287,起きる,おきる,"to wake up, to be awake",[sound:JP1K_287_okiru_word.mp3]
288,早い,はやい,early,[sound:JP1K_288_hayai_word.mp3]
289,出る,でる,"to leave, to come out",[sound:JP1K_289_deru_word.mp3]
290,悪い,わるい,bad,[sound:JP1K_290_warui_word.mp3]
291,楽しい,たのしい,"enjoyable, fun",[sound:JP1K_291_tanoshii_word.mp3]
292,気,き,"mood, spirit, mind",[sound:JP1K_292_ki_word.mp3]
293,意味,いみ,meaning,[sound:JP1K_293_imi_word.mp3]
294,得意,とくい,one's strong point,[sound:JP1K_294_tokui_word.mp3]
295,母親,ははおや,mother,[sound:JP1K_295_hahaoya_word.mp3]
296,欲しい,ほしい,"want, wanted, desired",[sound:JP1K_296_hoshii_word.mp3]
298,頑張る,がんばる,"good luck, do your best",[sound:JP1K_298_ganbaru_word.mp3]
299,持つ,もつ,"to possess, to have, to carry, to hold",[sound:JP1K_299_motsu_word.mp3]
300,痛い,いたい,"ouch, painful",[sound:JP1K_300_itai_word.mp3]
301,頭,あたま,head,[sound:JP1K_301_atama_word.mp3]
302,人気,にんき,popular,[sound:JP1K_302_ninki_word.mp3]
303,商品,しょうひん,"product (business), merchandise",[sound:JP1K_303_shouhin_word.mp3]
304,払う,はらう,"to pay (money, bill, etc.)",[sound:JP1K_304_harau_word.mp3]
305,金,かね,money,[sound:JP1K_305_kane_word.mp3]
306,小さい,ちいさい,"small, little",[sound:JP1K_306_chiisai_word.mp3]
307,女優,じょゆう,actress,[sound:JP1K_307_joyuu_word.mp3]
308,勝つ,かつ,"to win, to gain victory",[sound:JP1K_308_katsu_word.mp3]
310,体,からだ,body,[sound:JP1K_310_karada_word.mp3]
311,当たり前,あたりまえ,"of course, obvious, commonplace, the norm",[sound:JP1K_311_tariatarimae_word.mp3]
312,過ぎる,すぎる,"to exceed, to surpass",[sound:JP1K_312_sugiru_word.mp3]
313,太る,ふとる,to fatten,[sound:JP1K_313_futoru_word.mp3]
314,世話,せわ,care (for),[sound:JP1K_314_sewa_word.mp3]
315,間,あいだ,"period of time (during, while), between",[sound:JP1K_315_aida_word.mp3]
316,食う,くう,to eat (informal),[sound:JP1K_316_kuu_word.mp3]
317,飯,めし,meal,[sound:JP1K_317_meshi_word.mp3]
318,着く,つく,to arrive,[sound:JP1K_318_tsuku1_word.mp3]
319,話,はなし,"story, conversation",[sound:JP1K_319_hanashi_word.mp3]
320,声,こえ,voice,[sound:JP1K_320_koe_word.mp3]
321,男,おとこ,man,[sound:JP1K_321_otoko_word.mp3]
323,合う,あう,"to fit, to match, to suit",[sound:JP1K_323_au2_word.mp3]
324,通り,とおり,"avenue, street, way, road",[sound:JP1K_324_toori_word.mp3]
326,若い,わかい,young,[sound:JP1K_326_wakai_word.mp3]
327,女,おんな,woman,[sound:JP1K_327_onna_word.mp3]
329,向かう,むかう,"to go towards, to head towards",[sound:JP1K_329_mukau_word.mp3]
330,次,つぎ,next (in sequence),[sound:JP1K_330_tsugi_word.mp3]
331,飛ぶ,とぶ,to fly,[sound:JP1K_331_tobu_word.mp3]
332,打つ,うつ,"to hit, to strike, to knock, to beat",[sound:JP1K_332_utsu_word.mp3]
333,探す,さがす,"to search (for something desired, needed, lost), to look for",[sound:JP1K_333_sagasu_word.mp3]
334,捕まる,つかまる,to be caught,[sound:JP1K_334_tsukamaru_word.mp3]
335,事件,じけん,"incident, affair",[sound:JP1K_335_jiken_word.mp3]
336,逃げる,にげる,"to escape, to run away",[sound:JP1K_336_nigeru_word.mp3]
337,犯人,はんにん,"offender, criminal",[sound:JP1K_337_hannin_word.mp3]
338,現実,げんじつ,"reality, actuality",[sound:JP1K_338_genjitsu_word.mp3]
339,描く,えがく,"to draw, to paint, to sketch",[sound:JP1K_339_egaku_word.mp3]
342,変,へん,strange,[sound:JP1K_342_hen1_word.mp3]
343,様子,ようす,"appearance, condition",[sound:JP1K_343_yousu_word.mp3]
344,見つける,みつける,"to find, to discover",[sound:JP1K_344_mitsukeru_word.mp3]
346,素敵,すてき,"lovely, wonderful",[sound:JP1K_346_suteki_word.mp3]
347,駅,えき,train station,[sound:JP1K_347_eki_word.mp3]
348,食事,しょくじ,meal,[sound:JP1K_348_shokuji_word.mp3]
349,眼鏡,めがね,glasses,[sound:JP1K_349_megane_word.mp3]
350,町,まち,town,[sound:JP1K_350_machi_word.mp3]
352,洗う,あらう,to wash,[sound:JP1K_352_arau_word.mp3]
353,顔,かお,face,[sound:JP1K_353_kao_word.mp3]
354,少し,すこし,"small quantity, little, few",[sound:JP1K_354_sukoshi_word.mp3]
355,使う,つかう,"to use (a thing, method, etc.)",[sound:JP1K_355_tsukau_word.mp3]
356,頼む,たのむ,"to rely on, to entrust to, to request, to order",[sound:JP1K_356_tanomu_word.mp3]
357,違う,ちがう,to differ,[sound:JP1K_357_chigau_word.mp3]
358,空,そら,sky,[sound:JP1K_358_sora_word.mp3]
359,鳥,とり,bird,[sound:JP1K_359_tori_word.mp3]
361,始める,はじめる,"to start, to begin",[sound:JP1K_361_hajimeru_word.mp3]
362,乗る,のる,to ride,[sound:JP1K_362_noru_word.mp3]
363,生活,せいかつ,"living, life (one's daily existence)",[sound:JP1K_363_seikatsu_word.mp3]
364,週間,しゅうかん,week (period of time),[sound:JP1K_364_shuukan_word.mp3]
365,続く,つづく,to continue (without a break),[sound:JP1K_365_tsuduku_word.mp3]
366,赤い,あかい,red,[sound:JP1K_366_akai_word.mp3]
367,着る,きる,to wear clothes (shoulders down),[sound:JP1K_367_kiru1_word.mp3]
368,女の子,おんなのこ,"young woman, girl",[sound:JP1K_368_noonnanoko_word.mp3]
369,泣く,なく,to cry,[sound:JP1K_369_naku_word.mp3]
370,記憶,きおく,memory,[sound:JP1K_370_kioku_word.mp3]
371,失う,うしなう,to lose,[sound:JP1K_371_ushinau_word.mp3]
372,昔,むかし,a long time ago,[sound:JP1K_372_mukashi_word.mp3]
374,無理,むり,"impossible, can't",[sound:JP1K_374_muri_word.mp3]
375,ご飯,はん,"meal, rice",[sound:JP1K_375_gohan_word.mp3]
376,絶対,ぜったい,"absolutely, certainly",[sound:JP1K_376_zettai_word.mp3]
377,怒る,おこる,"to get angry, to scold",[sound:JP1K_377_okoru_word.mp3]
379,倒れる,たおれる,to collapse,[sound:JP1K_379_taoreru_word.mp3]
380,席,せき,seat,[sound:JP1K_380_seki_word.mp3]
381,老人,ろうじん,elderly person,[sound:JP1K_381_roujin_word.mp3]
382,助ける,たすける,"to help, to rescue",[sound:JP1K_382_tasukeru_word.mp3]
383,捨てる,すてる,"to throw away, to discard",[sound:JP1K_383_suteru_word.mp3]
384,所,ところ,place,[sound:JP1K_384_tokoro_word.mp3]
385,静か,しずか,quiet,[sound:JP1K_385_shizuka_word.mp3]
386,夏休み,なつやすみ,summer vacation,[sound:JP1K_386_natsuyasumi_word.mp3]
387,最後,さいご,"final, last",[sound:JP1K_387_saigo_word.mp3]
388,戦う,たたかう,"to fight, to struggle (against adversities, etc.)",[sound:JP1K_388_tatakau_word.mp3]
389,調べる,しらべる,"to look up, to investigate",[sound:JP1K_389_shiraberu_word.mp3]
390,情報,じょうほう,"information, data",[sound:JP1K_390_jouhou_word.mp3]
391,近く,ちかく,"near, shortly",[sound:JP1K_391_chikaku_word.mp3]
392,住む,すむ,to live (of humans),[sound:JP1K_392_sumu1_word.mp3]
393,回る,まわる,"to turn, to revolve",[sound:JP1K_393_mawaru_word.mp3]
394,決まる,きまる,to be decided,[sound:JP1K_394_kimaru_word.mp3]
395,当たる,あたる,"to be hit, to be successful",[sound:JP1K_395_ataru_word.mp3]
396,冗談,じょうだん,joke,[sound:JP1K_396_joudan_word.mp3]
397,付く,つく,"to be attached, to be connected with, to lit (fire, turn on TV)",[sound:JP1K_397_tsuku2_word.mp3]
398,失敗,しっぱい,"failure, mistake, blunder",[sound:JP1K_398_shippai_word.mp3]
399,予定,よてい,"plans, arrangement",[sound:JP1K_399_yotei_word.mp3]
400,殴る,なぐる,to punch,[sound:JP1K_400_naguru_word.mp3]
401,誘う,さそう,to invite,[sound:JP1K_401_sasou_word.mp3]
402,暮らす,くらす,"to live, to get along",[sound:JP1K_402_kurasu_word.mp3]
406,関係,かんけい,"relationship, connection",[sound:JP1K_406_kankei_word.mp3]
407,時計,とけい,"clock, watch",[sound:JP1K_407_tokei_word.mp3]
408,大きな,おおきな,"big, loud",[sound:JP1K_408_ookina_word.mp3]
409,掛かる,かかる,to hang,[sound:JP1K_409_kakaru_word.mp3]
410,酷い,ひどい,"awful, terrible",[sound:JP1K_410_hidoi_word.mp3]
413,親,おや,parents,[sound:JP1K_413_oya_word.mp3]
414,安い,安い,cheap,[sound:JP1K_414_i_word.mp3]
415,大好き,だいすき,love,[sound:JP1K_415_daisuki_word.mp3]
416,可愛い,かわいい,cute,[sound:JP1K_416_kawaii_word.mp3]
418,数,かず,"number, quantity",[sound:JP1K_418_kazu_word.mp3]
419,減る,へる,to decrease,[sound:JP1K_419_heru_word.mp3]
420,隣,となり,next to,[sound:JP1K_420_tonari_word.mp3]
421,貸す,かす,"to lend, to loan",[sound:JP1K_421_kasu_word.mp3]
422,頼る,たよる,to rely on,[sound:JP1K_422_tayoru_word.mp3]
423,集中,しゅうちゅう,concentration,[sound:JP1K_423_shuuchuu_word.mp3]
424,壊れる,こわれる,to be broken,[sound:JP1K_424_kowareru_word.mp3]
425,魚,さかな,fish,[sound:JP1K_425_sakana_word.mp3]
426,音楽,おんがく,music,[sound:JP1K_426_ongaku_word.mp3]
427,楽しむ,たのしむ,to enjoy (oneself),[sound:JP1K_427_tanoshimu_word.mp3]
428,自然,しぜん,nature,[sound:JP1K_428_shizen_word.mp3]
429,豊か,ゆたか,abundant,[sound:JP1K_429_yutaka_word.mp3]
430,表情,ひょうじょう,facial expression,[sound:JP1K_430_hyoujou_word.mp3]
431,体力,たいりょく,"endurance, physical strength",[sound:JP1K_431_tairyoku_word.mp3]
432,吸う,すう,to smoke,[sound:JP1K_432_suu_word.mp3]
433,部活,ぶかつ,club activity,[sound:JP1K_433_bukatsu_word.mp3]
434,負ける,まける,to lose,[sound:JP1K_434_makeru_word.mp3]
435,辞める,やめる,to resign; to quit,[sound:JP1K_435_yameru1_word.mp3]
436,近づく,ちかづく,to approach,[sound:JP1K_436_chikaduku_word.mp3]
437,削る,けずる,to sharpen,[sound:JP1K_437_kezuru_word.mp3]
438,口,くち,mouth,[sound:JP1K_438_kuchi_word.mp3]
439,言葉,ことば,word,[sound:JP1K_439_kotoba_word.mp3]
440,我々,われわれ,we (formal),[sound:JP1K_440_wareware_word.mp3]
441,人間,にんげん,human,[sound:JP1K_441_ningen_word.mp3]
442,笑う,わらう,"to laugh, to smile",[sound:JP1K_442_warau_word.mp3]
443,歩く,あるく,to walk,[sound:JP1K_443_aruku_word.mp3]
444,お父さん,とうさん,father,[sound:JP1K_444_otousan_word.mp3]
445,病気,びょうき,"illness, disease",[sound:JP1K_445_byouki_word.mp3]
446,死ぬ,しぬ,to die,[sound:JP1K_446_shinu_word.mp3]
447,開く,ひらく,to open,[sound:JP1K_447_hiraku_word.mp3]
448,殺す,ころす,to kill,[sound:JP1K_448_korosu_word.mp3]
449,戻る,もどる,"to return, to go back",[sound:JP1K_449_modoru_word.mp3]
450,入れる,いれる,to put in,[sound:JP1K_450_ireru_word.mp3]
451,敵,てき,"enemy, opponent, adversary",[sound:JP1K_451_teki_word.mp3]
452,以上,いじょう,more than ...,[sound:JP1K_452_ijou_word.mp3]
453,振る,ふる,"to wave, to shake, to turn down (somebody)",[sound:JP1K_453_furu2_word.mp3]
454,動く,うごく,to move,[sound:JP1K_454_ugoku_word.mp3]
455,必要,ひつよう,"need, necessity",[sound:JP1K_455_hitsuyou_word.mp3]
456,他,ほか,other,[sound:JP1K_456_hoka_word.mp3]
457,書く,かく,to write,[sound:JP1K_457_kaku_word.mp3]
458,落ちる,おちる,to fall,[sound:JP1K_458_ochiru_word.mp3]
459,引く,ひく,to pull,[sound:JP1K_459_hiku_word.mp3]
460,練習,れんしゅう,practice,[sound:JP1K_460_renshuu_word.mp3]
461,続ける,つづける,to continue,[sound:JP1K_461_tsudukeru_word.mp3]
462,行う,おこなう,"to perform, to do, to conduct oneself, to carry out",[sound:JP1K_462_okonau_word.mp3]
463,残る,のこる,"to remain, to be left",[sound:JP1K_463_nokoru_word.mp3]
465,今度,こんど,next time,[sound:JP1K_465_kondo_word.mp3]
466,包丁,ほうちょう,knife,[sound:JP1K_466_houchou_word.mp3]
467,新鮮,しんせん,fresh,[sound:JP1K_467_shinsen_word.mp3]
468,農家,のうか,farmer,[sound:JP1K_468_nouka_word.mp3]
469,畑,はたけ,"field (fruits, vegetables)",[sound:JP1K_469_hatake_word.mp3]
470,野菜,やさい,vegetable,[sound:JP1K_470_yasai_word.mp3]
471,切る,きる,"to cut, to hang up (the phone)",[sound:JP1K_471_kiru2_word.mp3]
473,奴,やつ,person (derogatory),[sound:JP1K_473_yatsu_word.mp3]
474,驚く,おどろく,to be surprised,[sound:JP1K_474_odoroku_word.mp3]
475,黙る,だまる,to be silent,[sound:JP1K_475_damaru_word.mp3]
476,説明,せつめい,explanation,[sound:JP1K_476_setsumei_word.mp3]
477,似る,にる,"to be alike, to resemble, to look like",[sound:JP1K_477_niru_word.mp3]
478,急,きゅう,"sudden, unexpected, urgent",[sound:JP1K_478_kyuu_word.mp3]
479,困る,こまる,"to be troubled, to have difficulty, to be in a fix, to be at a loss, to be stumped",[sound:JP1K_479_komaru_word.mp3]
480,借りる,かりる,"to borrow, to rent",[sound:JP1K_480_kariru_word.mp3]
481,返す,かえす,to return (something),[sound:JP1K_481_kaesu_word.mp3]
482,大丈夫,だいじょうぶ,"undoubtedly safe, all right",[sound:JP1K_482_daijoubu_word.mp3]
483,時代,じだい,"era, time period",[sound:JP1K_483_jidai_word.mp3]
484,以外,いがい,"with the exception of, except",[sound:JP1K_484_igai1_word.mp3]
485,気分,きぶん,"feeling, mood",[sound:JP1K_485_kibun_word.mp3]
486,隠す,かくす,to hide,[sound:JP1K_486_kakusu_word.mp3]
487,仲間,なかま,"friends, colleauges",[sound:JP1K_487_nakama_word.mp3]
488,送る,おくる,"to send (a thing), to take or escort (a person somewhere)",[sound:JP1K_488_okuru_word.mp3]
489,許す,ゆるす,"to forgive, to permit, to allow",[sound:JP1K_489_yurusu_word.mp3]
492,向く,むく,"to turn toward, to look (up, down, etc.), to to go in the direction of",[sound:JP1K_492_muku_word.mp3]
493,起こす,おこす,"to wake up, to cause",[sound:JP1K_493_okosu_word.mp3]
494,結果,けっか,"result, outcome",[sound:JP1K_494_kekka_word.mp3]
495,認める,みとめる,"to acknowledge, to admit",[sound:JP1K_495_mitomeru_word.mp3]
496,地震,じしん,earthquake,[sound:JP1K_496_jishin1_word.mp3]
497,突然,とつぜん,"abrupt, sudden, unexpected",[sound:JP1K_497_totsuzen_word.mp3]
498,簡単,かんたん,"easy, simple",[sound:JP1K_498_kantan_word.mp3]
499,怖い,こわい,"(I'm) afraid, scary",[sound:JP1K_499_kowai_word.mp3]
500,確認,かくにん,"confirmation, verification, validation",[sound:JP1K_500_kakunin_word.mp3]
501,生まれる,うまれる,to be born,[sound:JP1K_501_umareru_word.mp3]
502,全員,ぜんいん,"all members (group), the whole crew",[sound:JP1K_502_zenin_word.mp3]
503,途中,とちゅう,"in the middle of, en route",[sound:JP1K_503_tochuu_word.mp3]
504,急ぐ,いそぐ,"to hurry, to rush, to hasten",[sound:JP1K_504_isogu_word.mp3]
505,抜く,ぬく,"to extract, to omit, to draw out",[sound:JP1K_505_nuku_word.mp3]
506,噂,うわさ,"rumor, gossip",[sound:JP1K_506_uwasa_word.mp3]
507,勝手に,かってに,selfishly,[sound:JP1K_507_katteni_word.mp3]
508,勝手,かって,selfish,[sound:JP1K_508_katte_word.mp3]
509,約束,やくそく,promise,[sound:JP1K_509_yakusoku_word.mp3]
510,遅い,おそい,"late, slow",[sound:JP1K_510_osoi_word.mp3]
511,貼る,はる,"to stick, to paste, to affix",[sound:JP1K_511_haru2_word.mp3]
512,届く,とどく,to be delivered,[sound:JP1K_512_todoku_word.mp3]
513,挨拶,あいさつ,greetings,[sound:JP1K_513_aisatsu_word.mp3]
514,先輩,せんぱい,senior (at work or school),[sound:JP1K_514_senpai_word.mp3]
515,連絡,れんらく,"to contact, to get in touch with",[sound:JP1K_515_renraku_word.mp3]
516,渡す,わたす,to hand over,[sound:JP1K_516_watasu_word.mp3]
517,必ず,かならず,"without exception, invariably",[sound:JP1K_517_kanarazu_word.mp3]
518,特に,とくに,"particularly, especially",[sound:JP1K_518_tokuni_word.mp3]
519,無事,ぶじ,"safe, unharmed",[sound:JP1K_519_buji_word.mp3]
520,済む,すむ,to be completed,[sound:JP1K_520_sumu2_word.mp3]
521,大人,おとな,adult,[sound:JP1K_521_otona_word.mp3]
522,売る,うる,to sell,[sound:JP1K_522_uru_word.mp3]
523,準備,じゅんび,preparation,[sound:JP1K_523_junbi_word.mp3]
524,嬉しい,うれしい,"happy, glad, pleasant",[sound:JP1K_524_ureshii_word.mp3]
525,離す,はなす,"to separate, to part, to divide, to keep apart",[sound:JP1K_525_hanasu2_word.mp3]
526,触る,さわる,"to touch, to feel",[sound:JP1K_526_sawaru_word.mp3]
527,癖,くせ,habit,[sound:JP1K_527_kuse_word.mp3]
528,大事,だいじ,"important, serious",[sound:JP1K_528_daiji_word.mp3]
529,鍵,かぎ,"key, lock",[sound:JP1K_529_kagi_word.mp3]
530,今回,こんかい,this time,[sound:JP1K_530_konkai_word.mp3]
531,奪う,うばう,"to snatch away, to steal",[sound:JP1K_531_ubau_word.mp3]
533,掴む,つかむ,"to grasp, to grip, to grab, to clutch, to hold",[sound:JP1K_533_tsukamu_word.mp3]
535,窓,まど,window,[sound:JP1K_535_mado_word.mp3]
536,景色,けしき,scenery,[sound:JP1K_536_keshiki_word.mp3]
537,絵画,かいが,"painting, picture",[sound:JP1K_537_kaiga_word.mp3]
538,本物,ほんもの,"genuine, the real thing",[sound:JP1K_538_honmono_word.mp3]
539,気付く,きづく,"to notice, to realize",[sound:JP1K_539_kiduku_word.mp3]
540,嫌い,きらい,"hate, dislike",[sound:JP1K_540_kirai_word.mp3]
541,面倒,めんどう,"trouble, bother",[sound:JP1K_541_mendou_word.mp3]
542,迷惑,めいわく,"trouble, bother, annoyance",[sound:JP1K_542_meiwaku_word.mp3]
543,助かる,たすかる,"to be saved, to be rescued",[sound:JP1K_543_tasukaru_word.mp3]
544,祭,まつり,festival,[sound:JP1K_544_matsuri_word.mp3]
545,花火,はなび,fireworks,[sound:JP1K_545_hanabi_word.mp3]
546,打ち上げ,うち上[あ]げ,launch,[sound:JP1K_546_uchiage_word.mp3]
547,参加,さんか,participation,[sound:JP1K_547_sanka_word.mp3]
548,幸せ,しあわせ,happiness,[sound:JP1K_548_shiawase_word.mp3]
549,恋人,こいびと,person who someone is dating,[sound:JP1K_549_koibito_word.mp3]
550,寂しい,さびしい,"lonely, lonesome",[sound:JP1K_550_sabishii_word.mp3]
551,過ごす,すごす,"to overdo, to do too much; to pass (time)",[sound:JP1K_551_sugosu_word.mp3]
552,断る,ことわる,"to refuse, to reject, to turn down, to decline",[sound:JP1K_552_kotowaru_word.mp3]
553,真剣,しんけん,"serious, earnest",[sound:JP1K_553_shinken_word.mp3]
556,頂く,いただく,to receive (formal),[sound:JP1K_556_itadaku_word.mp3]
557,分,ふん,minutes,[sound:JP1K_557_fun_word.mp3]
558,一度,いちど,once,[sound:JP1K_558_ichido_word.mp3]
559,信じる,しんじる,to believe,[sound:JP1K_559_shinjiru_word.mp3]
560,成功,せいこう,success,[sound:JP1K_560_seikou_word.mp3]
561,望む,のぞむ,"to wish for, to desire",[sound:JP1K_561_nozomu_word.mp3]
564,大体,だいたい,mostly,[sound:JP1K_564_daitai_word.mp3]
566,嘘,うそ,lie,[sound:JP1K_566_uso_word.mp3]
567,間に合う,まに 合[あ]う,to be in time (for),[sound:JP1K_567_maniau_word.mp3]
569,見つかる,みつかる,"to find, to discover",[sound:JP1K_569_mitsukaru_word.mp3]
570,間違い,まちがい,mistake,[sound:JP1K_570_machigai_word.mp3]
571,久しぶり,ひさしぶり,for the first time in a while,[sound:JP1K_571_hisashiburi_word.mp3]
572,致す,いたす,to do (formal),[sound:JP1K_572_itasu_word.mp3]
573,繋ぐ,つなぐ,to connect,[sound:JP1K_573_tsunagu_word.mp3]
576,お母さん,かあさん,mother,[sound:JP1K_576_okaasan_word.mp3]
578,喋る,しゃべる,"to chat, to talk",[sound:JP1K_578_shaberu_word.mp3]
579,構う,かまう,to be concerned about,[sound:JP1K_579_kamau_word.mp3]
580,詰まる,つまる,to be packed (with),[sound:JP1K_580_tsumaru_word.mp3]
581,仲,なか,relationship,[sound:JP1K_581_naka2_word.mp3]
582,暇,ひま,free-time,[sound:JP1K_582_hima_word.mp3]
583,腹,はら,"abdomen, stomach",[sound:JP1K_583_hara_word.mp3]
585,参る,まいる,"to go, to come, to call",[sound:JP1K_585_mairu_word.mp3]
586,苦手,にがて,poor (at),[sound:JP1K_586_nigate_word.mp3]
587,揃う,そろう,"to be complete, to be satisfied (of conditions)",[sound:JP1K_587_sorou_word.mp3]
589,大会,たいかい,tournament,[sound:JP1K_589_taikai_word.mp3]
590,悔しい,くやしい,"frustrating, regrettable",[sound:JP1K_590_kuyashii_word.mp3]
591,腕,うで,arm,[sound:JP1K_591_ude_word.mp3]
592,悩む,なやむ,"to be worried, to be troubled",[sound:JP1K_592_nayamu_word.mp3]
593,迷う,まよう,to get lost​,[sound:JP1K_593_mayou_word.mp3]
594,行動,こうどう,"action, conduct",[sound:JP1K_594_koudou_word.mp3]
595,学年,がくねん,year/grade in school,[sound:JP1K_595_gakunen_word.mp3]
596,狙う,ねらう,to aim at,[sound:JP1K_596_nerau_word.mp3]
597,入学,にゅうがく,entry to school or university,[sound:JP1K_597_nyuugaku_word.mp3]
598,希望,きぼう,"hope, wish, aspiration",[sound:JP1K_598_kibou_word.mp3]
599,熱い,あつい,hot (to touch),[sound:JP1K_599_atsui2_word.mp3]
600,下がる,さがる,to go down,[sound:JP1K_600_sagaru_word.mp3]
601,お礼,れい,"thanks, gratitude​",[sound:JP1K_601_orei_word.mp3]
602,素直,すなお,"honest, frank",[sound:JP1K_602_sunao_word.mp3]
603,直る,なおる,to be fixed,[sound:JP1K_603_naoru_word.mp3]
604,嫌う,きらう,to hate,[sound:JP1K_604_kirau_word.mp3]
605,機会,きかい,opportunity,[sound:JP1K_605_kikai_word.mp3]
607,叱る,しかる,to scold,[sound:JP1K_607_shikaru_word.mp3]
608,散々,さんざん,"severely, harshly",[sound:JP1K_608_sanzan_word.mp3]
609,日々,ひび,"daily, day after day",[sound:JP1K_609_hibi_word.mp3]
610,格好,かっこう,appearance; outfit,[sound:JP1K_610_kakkou_word.mp3]
612,大人しい,おとなしい,"docile, quiet​",[sound:JP1K_612_otonashii_word.mp3]
613,拾う,ひろう,to pick up,[sound:JP1K_613_hirou_word.mp3]
614,計画,けいかく,plan,[sound:JP1K_614_keikaku_word.mp3]
615,止める,とめる,to stop,[sound:JP1K_615_tomeru_word.mp3]
616,健康,けんこう,health,[sound:JP1K_616_kenkou_word.mp3]
618,遅刻,ちこく,late,[sound:JP1K_618_chikoku_word.mp3]
619,漫画,まんが,comic,[sound:JP1K_619_manga_word.mp3]
620,後悔,こうかい,regret,[sound:JP1K_620_koukai_word.mp3]
621,上司,じょうし,"(one's) superior, (one's) boss",[sound:JP1K_621_joushi_word.mp3]
623,靴下,くつした,socks,[sound:JP1K_623_kutsushita_word.mp3]
624,紙,かみ,paper,[sound:JP1K_624_kami2_word.mp3]
625,方向,ほうこう,direction,[sound:JP1K_625_houkou_word.mp3]
626,磨く,みがく,to polish,[sound:JP1K_626_migaku_word.mp3]
627,床,ゆか,floor,[sound:JP1K_627_yuka_word.mp3]
628,夕方,ゆうがた,"evening, dusk​",[sound:JP1K_628_yuugata_word.mp3]
629,煙,けむり,smoke,[sound:JP1K_629_kemuri_word.mp3]
630,釣り,つり,fishing,[sound:JP1K_630_tsuri_word.mp3]
631,趣味,しゅみ,hobby,[sound:JP1K_631_shumi_word.mp3]
632,集める,あつめる,to collect,[sound:JP1K_632_atsumeru_word.mp3]
633,瞬間,しゅんかん,"moment, second",[sound:JP1K_633_shunkan_word.mp3]
634,試す,ためす,to try,[sound:JP1K_634_tamesu_word.mp3]
635,結ぶ,むすぶ,"to tie, to bind",[sound:JP1K_635_musubu_word.mp3]
636,狭い,せまい,narrow,[sound:JP1K_636_semai_word.mp3]
637,増やす,ふやす,to increase,[sound:JP1K_637_fuyasu_word.mp3]
638,学ぶ,まなぶ,to learn,[sound:JP1K_638_manabu_word.mp3]
639,目,め,eye,[sound:JP1K_639_me_word.mp3]
641,心,こころ,"heart, mind, spirit, vitality",[sound:JP1K_641_kokoro_word.mp3]
642,同じ,おなじ,"same, identical",[sound:JP1K_642_onaji_word.mp3]
643,遠い,とおい,"far, distant",[sound:JP1K_643_tooi_word.mp3]
644,姿,すがた,"figure, form",[sound:JP1K_644_sugata_word.mp3]
645,相手,あいて,"partner, other party, opponent (sports, etc.)",[sound:JP1K_645_aite_word.mp3]
646,先,さき,"before, ahead, prior, former",[sound:JP1K_646_saki_word.mp3]
647,胸,むね,"chest, breasts",[sound:JP1K_647_mune_word.mp3]
648,呼ぶ,よぶ,"to call, to call out (to)",[sound:JP1K_648_yobu_word.mp3]
649,水,みず,water,[sound:JP1K_649_mizu_word.mp3]
650,見せる,みせる,to show,[sound:JP1K_650_miseru_word.mp3]
651,娘,むすめ,daughter,[sound:JP1K_651_musume_word.mp3]
652,神,かみ,"god, deity",[sound:JP1K_652_kami3_word.mp3]
653,得る,える,"to earn, to acquire, to gain",[sound:JP1K_653_eru_word.mp3]
654,存在,そんざい,"existence, being",[sound:JP1K_654_sonzai_word.mp3]
655,確か,たしか,"If I'm not mistaken, If I remember correctly",[sound:JP1K_655_tashika_word.mp3]
656,消える,きえる,"to go out, to vanish, to disappear",[sound:JP1K_656_kieru_word.mp3]
657,最初,さいしょ,"beginning, first",[sound:JP1K_657_saisho_word.mp3]
659,場合,ばあい,"case, situation",[sound:JP1K_659_baai_word.mp3]
660,感じ,かんじ,"feeling, sense, impression",[sound:JP1K_660_kanji_word.mp3]
661,心配,しんぱい,"worry, concern, anxiety",[sound:JP1K_661_shinpai_word.mp3]
662,離れる,はなれる,"to be separated, to be apart, to be distant",[sound:JP1K_662_hanareru_word.mp3]
663,思い出す,おもいだす,"to recall, to remember",[sound:JP1K_663_iomoidasu_word.mp3]
664,点,てん,"score (exams), dot, point",[sound:JP1K_664_ten_word.mp3]
665,理由,りゆう,reason,[sound:JP1K_665_riyuu_word.mp3]
666,押す,おす,"to push, to press",[sound:JP1K_666_osu_word.mp3]
667,男の子,おとこのこ,boy,[sound:JP1K_667_nootokonoko_word.mp3]
668,想像,そうぞう,imagination,[sound:JP1K_668_souzou_word.mp3]
669,近い,ちかい,"near (distance), close (in time)",[sound:JP1K_669_chikai_word.mp3]
670,女性,じょせい,"woman, feminine gender",[sound:JP1K_670_josei_word.mp3]
671,事実,じじつ,"fact, truth, reality",[sound:JP1K_671_jijitsu_word.mp3]
672,寝る,ねる,"to lie down, to go to sleep",[sound:JP1K_672_neru_word.mp3]
673,理解,りかい,"understanding, comprehension",[sound:JP1K_673_rikai_word.mp3]
674,進む,すすむ,"to advance, to go forward",[sound:JP1K_674_susumu_word.mp3]
675,状態,じょうたい,"current status, condition, situation",[sound:JP1K_675_joutai_word.mp3]
677,完全,かんぜん,"perfection, completeness",[sound:JP1K_677_kanzen_word.mp3]
678,当然,とうぜん,"of course, obviously",[sound:JP1K_678_touzen_word.mp3]
679,向こう,むこう,"over there, that way",[sound:JP1K_679_mukou_word.mp3]
680,残す,のこす,"to leave (behind, over), to save, to reserve",[sound:JP1K_680_nokosu_word.mp3]
681,普通,ふつう,"general, ordinary, usual, normally",[sound:JP1K_681_futsuu_word.mp3]
682,星,ほし,star,[sound:JP1K_682_hoshi_word.mp3]
683,守る,まもる,"to protect, to keep (a promise)",[sound:JP1K_683_mamoru_word.mp3]
684,命,いのち,life,[sound:JP1K_684_inochi_word.mp3]
685,宇宙,うちゅう,"universe, cosmos, space",[sound:JP1K_685_uchuu_word.mp3]
686,変える,かえる,"to change, to reform, to revise, to amend",[sound:JP1K_686_kaeru2_word.mp3]
687,重い,おもい,heavy (weight),[sound:JP1K_687_omoi2_word.mp3]
689,落とす,おとす,to drop,[sound:JP1K_689_otosu_word.mp3]
690,例,れい,example,[sound:JP1K_690_rei_word.mp3]
691,方法,ほうほう,method,[sound:JP1K_691_houhou_word.mp3]
692,状況,じょうきょう,"state of affairs (around you), situation, circumstances",[sound:JP1K_692_joukyou_word.mp3]
693,自由,じゆう,"freedom, liberty",[sound:JP1K_693_jiyuu_word.mp3]
694,決める,きめる,"to decide, to choose",[sound:JP1K_694_kimeru_word.mp3]
695,結局,けっきょく,"ultimately, in the end",[sound:JP1K_695_kekkyoku_word.mp3]
696,用意,ようい,"preparation, arrangements",[sound:JP1K_696_youi_word.mp3]
697,秘密,ひみつ,secret,[sound:JP1K_697_himitsu_word.mp3]
698,報告,ほうこく,report,[sound:JP1K_698_houkoku_word.mp3]
699,匂い,におい,"scent, smell",[sound:JP1K_699_nioi_word.mp3]
700,調子,ちょうし,"condition, state of health",[sound:JP1K_700_choushi_word.mp3]
701,緊張,きんちょう,nervousness,[sound:JP1K_701_kinchou_word.mp3]
702,安心,あんしん,"relief, peace of mind",[sound:JP1K_702_anshin_word.mp3]
703,他人,たにん,"other people, strangers",[sound:JP1K_703_tanin_word.mp3]
704,一体,いったい,what the ...,[sound:JP1K_704_ittai_word.mp3]
705,大変,たいへん,"greatly, terribly",[sound:JP1K_705_taihen_word.mp3]
706,夏,なつ,summer,[sound:JP1K_706_natsu_word.mp3]
707,結婚,けっこん,marriage,[sound:JP1K_707_kekkon_word.mp3]
708,興味,きょうみ,"interest (in something), curiosity (about something)",[sound:JP1K_708_kyoumi_word.mp3]
709,事情,じじょう,"circumstances, consideration, situation, state of affairs",[sound:JP1K_709_jijou_word.mp3]
710,少ない,すくない,"few, a little, insufficient",[sound:JP1K_710_sukunai_word.mp3]
711,甘い,あまい,sweet,[sound:JP1K_711_amai_word.mp3]
712,元気,げんき,"healthy, doing well",[sound:JP1K_712_genki_word.mp3]
713,作戦,さくせん,"tactics, strategy",[sound:JP1K_713_sakusen_word.mp3]
714,教師,きょうし,teacher (fomral),[sound:JP1K_714_kyoushi_word.mp3]
715,期待,きたい,"expectation, anticipation, hope",[sound:JP1K_715_kitai_word.mp3]
716,喜ぶ,よろこぶ,"to be delighted, to be glad",[sound:JP1K_716_yorokobu_word.mp3]
717,相談,そうだん,"consultation, advice",[sound:JP1K_717_soudan_word.mp3]
718,落ち着く,おちつく,"to calm down, to be calm",[sound:JP1K_718_chiochitsuku_word.mp3]
719,正直,しょうじき,"honestly, frankly",[sound:JP1K_719_shoujiki_word.mp3]
720,味,あじ,"(sense of) taste, flavor",[sound:JP1K_720_aji_word.mp3]
721,自信,じしん,"self-confidence, confidence (in oneself)",[sound:JP1K_721_jishin2_word.mp3]
722,覚悟,かくご,"resolution, readiness, preparedness",[sound:JP1K_722_kakugo_word.mp3]
723,結構,けっこう,"sufficient, quite, ok",[sound:JP1K_723_kekkou_word.mp3]
724,駄目,だめ,"hopeless, wasted, purposeless, no good, not allowed",[sound:JP1K_724_dame_word.mp3]
725,邪魔,じゃま,"hindrance, obstacle, nuisance",[sound:JP1K_725_jama_word.mp3]
726,代わり,かわり,"second helping, seconds; substitute",[sound:JP1K_726_kawari_word.mp3]
727,本気,ほんき,serious,[sound:JP1K_727_honki_word.mp3]
728,意外,いがい,"unexpected, surprising",[sound:JP1K_728_igai2_word.mp3]
729,失礼,しつれい,"excuse me, rude",[sound:JP1K_729_shitsurei_word.mp3]
730,証拠,しょうこ,"evidence, proof",[sound:JP1K_730_shouko_word.mp3]
731,特別,とくべつ,special,[sound:JP1K_731_tokubetsu_word.mp3]
732,大切,たいせつ,"important, necessary, indispensable",[sound:JP1K_732_taisetsu_word.mp3]
733,十分,じゅうぶん,"plenty, enough, sufficient, satisfactory, adequate",[sound:JP1K_733_juubun_word.mp3]
734,立派,りっぱ,"praiseworthy, creditable, splendid, fine, elegant",[sound:JP1K_734_rippa_word.mp3]
735,人生,じんせい,(human) life,[sound:JP1K_735_jinsei_word.mp3]
736,残念,ざんねん,unfortunate,[sound:JP1K_736_zannen_word.mp3]
737,焼く,やく,"to bake, to grill, to bake, to burn",[sound:JP1K_737_yaku_word.mp3]
738,本人,ほんにん,the person himself,[sound:JP1K_738_honnin_word.mp3]
739,野郎,やろう,guy (derogatory),[sound:JP1K_739_yarou_word.mp3]
740,我慢,がまん,"patience, endurance",[sound:JP1K_740_gaman_word.mp3]
741,責任,せきにん,responsibility,[sound:JP1K_741_sekinin_word.mp3]
742,全て,すべて,"all, entirely",[sound:JP1K_742_subete_word.mp3]
743,茶,ちゃ,tea,[sound:JP1K_743_cha_word.mp3]
744,多分,たぶん,"perhaps, probably",[sound:JP1K_744_tabun_word.mp3]
745,弱い,よわい,"weak, frail",[sound:JP1K_745_yowai_word.mp3]
746,偶然,ぐうぜん,"coincidence, by chance",[sound:JP1K_746_guuzen_word.mp3]
747,願う,ねがう,"to desire, to wish, to request, to implore",[sound:JP1K_747_negau_word.mp3]
748,活動,かつどう,"activity, action",[sound:JP1K_748_katsudou_word.mp3]
749,親父,おやじ,"one's father, middle aged man",[sound:JP1K_749_oyaji_word.mp3]
750,別れる,わかれる,to break up,[sound:JP1K_750_wakareru_word.mp3]
751,出会う,であう,"to meet (by chance), to come across",[sound:JP1K_751_deau_word.mp3]
752,付ける,つける,"to attach, to turn on (light)",[sound:JP1K_752_tsukeru_word.mp3]
753,未来,みらい,the future (usually distant),[sound:JP1K_753_mirai_word.mp3]
754,一応,いちおう,"more or less, tentatively",[sound:JP1K_754_ichiou_word.mp3]
755,協力,きょうりょく,"cooperation, collaboration",[sound:JP1K_755_kyouryoku_word.mp3]
756,一生,いっしょう,"whole life, a lifetime",[sound:JP1K_756_isshou_word.mp3]
757,最高,さいこう,"best, wonderful, finest",[sound:JP1K_757_saikou_word.mp3]
758,同士,どうし,"fellow, mutual, companion, comrade",[sound:JP1K_758_doushi_word.mp3]
759,感謝,かんしゃ,"thanks, gratitude",[sound:JP1K_759_kansha_word.mp3]
760,紹介,しょうかい,introduction,[sound:JP1K_760_shoukai_word.mp3]
761,女子,じょし,girl,[sound:JP1K_761_joshi_word.mp3]
763,平気,へいき,"calmness, composure, unconcern",[sound:JP1K_763_heiki_word.mp3]
764,事故,じこ,"accident, incident",[sound:JP1K_764_jiko_word.mp3]
765,足りる,たりる,"to be sufficient, to be enough",[sound:JP1K_765_tariru_word.mp3]
766,勝負,しょうぶ,"match, contest, game",[sound:JP1K_766_shoubu_word.mp3]
767,恋,こい,(romantic) love,[sound:JP1K_767_koi_word.mp3]
768,真面目,まじめ,"serious, earnest",[sound:JP1K_768_majime_word.mp3]
769,掃除,そうじ,cleaning,[sound:JP1K_769_souji_word.mp3]
770,似合う,にあう,"to suit, to match",[sound:JP1K_770_niau_word.mp3]
771,余計,よけい,"excessive, superfluous",[sound:JP1K_771_yokei_word.mp3]
772,申し訳,もうしわけ,"apology, excuse",[sound:JP1K_772_shimoushiwake_word.mp3]
773,歌う,うたう,to sing,[sound:JP1K_773_utau_word.mp3]
774,無い,ない,to not exist (inanimate objects),[sound:JP1K_774_nai_word.mp3]
775,良い,よい,"good, nice",[sound:JP1K_775_yoi_word.mp3]
776,お前,まえ,you (slightly derogatory),[sound:JP1K_776_omae_word.mp3]
777,訳,わけ,"reason, rationale",[sound:JP1K_777_wake_word.mp3]
781,馬鹿,ばか,"idiot, stupid",[sound:JP1K_781_baka_word.mp3]
782,嫌,いや,"unpleasant, detestable",[sound:JP1K_782_iya_word.mp3]
785,達,たち,pluralizing suffix (for people and animals),[sound:JP1K_785_tachi_word.mp3]
788,全く,まったく,"truly, entirely",[sound:JP1K_788_mattaku_word.mp3]
789,実,じつ,"truth, reality",[sound:JP1K_789_jitsu_word.mp3]
792,祖母,そぼ,grandmother,[sound:JP1K_792_sobo_word.mp3]
798,者,もの,person,[sound:JP1K_798_mono2_word.mp3]
802,祖父,そふ,grandfather,[sound:JP1K_802_sofu_word.mp3]
804,お願い,ねがい,favor,[sound:JP1K_804_onegai_word.mp3]
805,付き合う,つき 合[あ]う,to go out with (romantically),[sound:JP1K_805_tsukiau_word.mp3]
806,今まで,いままで,until now,[sound:JP1K_806_imamade_word.mp3]
808,下,した,below,[sound:JP1K_808_shita_word.mp3]
811,辛い,からい,spicy,[sound:JP1K_811_karai_word.mp3]
814,円,えん,yen,[sound:JP1K_814_en_word.mp3]
816,形,かたち,shape,[sound:JP1K_816_katachi_word.mp3]
818,無し,なし,without,[sound:JP1K_818_nashi_word.mp3]
820,仕方ない,しかたない,"cannot be helped, unavoidable",[sound:JP1K_820_shikatanai_word.mp3]
821,諦める,あきらめる,to give up,[sound:JP1K_821_akirameru_word.mp3]
823,謝る,あやまる,to apologize,[sound:JP1K_823_ayamaru_word.mp3]
824,お兄ちゃん,にいちゃん,older brother (informal),[sound:JP1K_824_oniichan_word.mp3]
826,感じる,かんじる,to feel,[sound:JP1K_826_kanjiru_word.mp3]
828,無駄,むだ,"waste (of time, etc), pointlessness",[sound:JP1K_828_muda_word.mp3]
829,何度,なんど,how many times,[sound:JP1K_829_nando_word.mp3]
830,件,けん,"matter, incident",[sound:JP1K_830_ken_word.mp3]
832,随分,ずいぶん,"considerably, awfully",[sound:JP1K_832_zuibun_word.mp3]
834,第,だい,prefix for forming ordinal numbers,[sound:JP1K_834_dai_word.mp3]
835,楽しみ,たのしみ,"enjoyment, anticipation",[sound:JP1K_835_tanoshimi_word.mp3]
836,側,そば,near,[sound:JP1K_836_soba_word.mp3]
838,番,ばん,"number (in a series), turn (in line)",[sound:JP1K_838_ban_word.mp3]
839,お腹,なか,stomach,[sound:JP1K_839_onaka_word.mp3]
842,伯父,おじ,uncle,[sound:JP1K_842_oji_word.mp3]
843,いい加減,かげん,"irresponsible, careless",[sound:JP1K_843_iikagen_word.mp3]
845,身,み,"body, oneself",[sound:JP1K_845_mi_word.mp3]
848,可能性,かのうせい,"possibly, potentially",[sound:JP1K_848_kanousei_word.mp3]
849,互い,たがい,"each other, one another​",[sound:JP1K_849_tagai_word.mp3]
850,臭い,くさい,smelly,[sound:JP1K_850_kusai_word.mp3]
851,愛する,あいする,to love,[sound:JP1K_851_aisuru_word.mp3]
854,今更,いまさら,now (when it is already much too late),[sound:JP1K_854_imasara_word.mp3]
855,知り合い,しり 合[あ]い,acquaintance,[sound:JP1K_855_shiriai_word.mp3]
857,大した,たいした,considerable,[sound:JP1K_857_taishita_word.mp3]
858,偉い,えらい,distinguished,[sound:JP1K_858_erai_word.mp3]
859,一言,ひとこと,a few words,[sound:JP1K_859_hitokoto_word.mp3]
860,相変わらず,あいわらず,as usual,[sound:JP1K_860_aiwarazu_word.mp3]
863,工事,こうじ,construction,[sound:JP1K_863_kouji_word.mp3]
866,増える,ふえる,to increase,[sound:JP1K_866_fueru_word.mp3]
868,逆,ぎゃく,opposite,[sound:JP1K_868_gyaku_word.mp3]
869,裏,うら,opposite side,[sound:JP1K_869_ura_word.mp3]
870,不安,ふあん,"anxiety, uneasiness",[sound:JP1K_870_fuan_word.mp3]
871,既に,すでに,already,[sound:JP1K_871_sudeni_word.mp3]
873,深い,ふかい,deep,[sound:JP1K_873_fukai_word.mp3]
874,限り,かぎり,limit,[sound:JP1K_874_kagiri_word.mp3]
875,珍しい,めずらしい,rare,[sound:JP1K_875_mezurashii_word.mp3]
876,傷つく,きずつく,to hurt,[sound:JP1K_876_kizutsuku_word.mp3]
877,納得,なっとく,"agreement, understanding",[sound:JP1K_877_nattoku_word.mp3]
878,懸命,けんめい,"earnest, with utmost effort",[sound:JP1K_878_kenmei_word.mp3]
880,慣れる,なれる,to get used to,[sound:JP1K_880_nareru_word.mp3]
881,可哀想,かわいそう,pitiful​,[sound:JP1K_881_kawaisou_word.mp3]
882,現れる,あらわれる,to show,[sound:JP1K_882_arawareru_word.mp3]
883,元々,もともと,originally,[sound:JP1K_883_motomoto_word.mp3]
884,直す,なおす,to repair,[sound:JP1K_884_naosu_word.mp3]
885,勘違い,かんちがい,"misunderstanding, mistaken idea",[sound:JP1K_885_kanchigai_word.mp3]
886,辺,へん,area,[sound:JP1K_886_hen2_word.mp3]
887,早速,さっそく,"at once, immediately",[sound:JP1K_887_sassoku_word.mp3]
888,場,ば,place,[sound:JP1K_888_ba_word.mp3]
889,年間,ねんかん,period of years,[sound:JP1K_889_nenkan_word.mp3]
890,素晴らしい,すばらしい,"great, amazing",[sound:JP1K_890_subarashii_word.mp3]
891,正しい,ただしい,correct,[sound:JP1K_891_tadashii_word.mp3]
892,運ぶ,はこぶ,to carry,[sound:JP1K_892_hakobu_word.mp3]
893,求める,もとめる,to request,[sound:JP1K_893_motomeru_word.mp3]
894,苦しい,くるしい,painful,[sound:JP1K_894_kurushii_word.mp3]
895,今後,こんご,"from now on, hereafter",[sound:JP1K_895_kongo_word.mp3]
896,休み,やすみ,rest,[sound:JP1K_896_yasumi_word.mp3]
897,羨ましい,うらやましい,envious,[sound:JP1K_897_urayamashii_word.mp3]
898,遠慮,えんりょ,restraint,[sound:JP1K_898_enryo_word.mp3]
899,以来,いらい,"since, henceforth",[sound:JP1K_899_irai_word.mp3]
900,受け取る,うけ 取[と]る,to take,[sound:JP1K_900_uketoru_word.mp3]
901,最悪,さいあく,worst,[sound:JP1K_901_saiaku_word.mp3]
902,意識,いしき,consciousness,[sound:JP1K_902_ishiki_word.mp3]
903,越える,こえる,to pass (through/over),[sound:JP1K_903_koeru_word.mp3]
904,正面,しょうめん,front,[sound:JP1K_904_shoumen_word.mp3]
905,完璧,かんぺき,perfect,[sound:JP1K_905_kanpeki_word.mp3]
906,普段,ふだん,"usually, normally",[sound:JP1K_906_fudan_word.mp3]
907,誤解,ごかい,misunderstanding,[sound:JP1K_907_gokai_word.mp3]
908,下手,へた,poor (at),[sound:JP1K_908_heta_word.mp3]
910,固い,かたい,hard,[sound:JP1K_910_katai_word.mp3]
912,空気,くうき,air,[sound:JP1K_912_kuuki_word.mp3]
913,具合,ぐあい,condition,[sound:JP1K_913_guai_word.mp3]
914,違い,ちがい,difference,[sound:JP1K_914_chigai_word.mp3]
915,お姉ちゃん,ねえちゃん,older sister (informal),[sound:JP1K_915_oneechan_word.mp3]
917,思い出,おもい出[で],memory,[sound:JP1K_917_omoide_word.mp3]
918,内容,ないよう,contents,[sound:JP1K_918_naiyou_word.mp3]
920,昼,ひる,"daytime, midday",[sound:JP1K_920_hiru_word.mp3]
921,去年,きょねん,last year,[sound:JP1K_921_kyonen_word.mp3]
922,温かい,あたたかい,warm,[sound:JP1K_922_atatakai_word.mp3]
924,手前,てまえ,"before oneself, in front of one",[sound:JP1K_924_temae_word.mp3]
926,年生,ねんせい,grade (school year),[sound:JP1K_926_nensei_word.mp3]
927,泳ぐ,およぐ,to swim,[sound:JP1K_927_oyogu_word.mp3]
928,着替える,きがえる,change clothes,[sound:JP1K_928_kigaeru_word.mp3]
929,男子,だんし,boy,[sound:JP1K_929_danshi_word.mp3]
930,水着,みずぎ,swimsuit,[sound:JP1K_930_mizugi_word.mp3]
932,少女,しょうじょ,little girl,[sound:JP1K_932_shoujo_word.mp3]
933,会話,かいわ,conversation,[sound:JP1K_933_kaiwa_word.mp3]
934,変態,へんたい,pervert,[sound:JP1K_934_hentai_word.mp3]
935,衣装,いしょう,clothing,[sound:JP1K_935_ishou_word.mp3]
936,勝ち,かち,victory,[sound:JP1K_936_kachi_word.mp3]
937,恋愛,れんあい,love,[sound:JP1K_937_renai_word.mp3]
938,お弁当,べんとう,box lunch,[sound:JP1K_938_obentou_word.mp3]
939,制服,せいふく,uniform (clothing),[sound:JP1K_939_seifuku_word.mp3]
940,開始,かいし,start,[sound:JP1K_940_kaishi_word.mp3]
941,禁止,きんし,prohibited,[sound:JP1K_941_kinshi_word.mp3]
942,体調,たいちょう,body condition,[sound:JP1K_942_taichou_word.mp3]
943,告白,こくはく,confession,[sound:JP1K_943_kokuhaku_word.mp3]
946,中学,ちゅうがく,middle school,[sound:JP1K_946_chuugaku_word.mp3]
947,用事,ようじ,errand,[sound:JP1K_947_youji_word.mp3]
948,泊まる,とまる,to stay overnight,[sound:JP1K_948_tomaru2_word.mp3]
950,全力,ぜんりょく,"all one's power (strength, energy, efforts)",[sound:JP1K_950_zenryoku_word.mp3]
951,指,ゆび,finger,[sound:JP1K_951_yubi_word.mp3]
952,話し掛ける,はなし 掛[か]ける,to start a conversation,[sound:JP1K_952_hanashikakeru_word.mp3]
953,反応,はんのう,"reaction, response",[sound:JP1K_953_hannou_word.mp3]
954,気合い,きあい,"(fighting) spirit, motivation",[sound:JP1K_954_kiai_word.mp3]
955,試験,しけん,test,[sound:JP1K_955_shiken_word.mp3]
956,やる気,き,"willingness (to do something), eagerness",[sound:JP1K_956_yaruki_word.mp3]
957,勇気,ゆうき,courage,[sound:JP1K_957_yuuki_word.mp3]
958,穴,あな,hole,[sound:JP1K_958_ana_word.mp3]
960,秒,びょう,second (time),[sound:JP1K_960_byou_word.mp3]
961,廊下,ろうか,hallway,[sound:JP1K_961_rouka_word.mp3]
962,光,ひかり,light,[sound:JP1K_962_hikari_word.mp3]
964,初,はつ,first,[sound:JP1K_964_hatsu_word.mp3]
965,終了,しゅうりょう,"end, termination",[sound:JP1K_965_shuuryou_word.mp3]
966,避ける,さける,to avoid,[sound:JP1K_966_sakeru_word.mp3]
967,攻撃,こうげき,attack,[sound:JP1K_967_kougeki_word.mp3]
968,背中,せなか,back (human body),[sound:JP1K_968_senaka_word.mp3]
969,友人,ゆうじん,friend,[sound:JP1K_969_yuujin_word.mp3]
970,性格,せいかく,personality,[sound:JP1K_970_seikaku_word.mp3]
971,広い,ひろい,"wide, spacious",[sound:JP1K_971_hiroi_word.mp3]
972,手伝い,てつだい,"help, assistance",[sound:JP1K_972_tetsudai_word.mp3]
973,遊園地,ゆうえんち,amusement park,[sound:JP1K_973_yuuenchi_word.mp3]
974,待ち合わせ,まち 合[あ]わせ,appointment,[sound:JP1K_974_machiawase_word.mp3]
975,郵便局,ゆうびんきょく,post office,[sound:JP1K_975_yuubinkyoku_word.mp3]
976,引っ越す,ひっ越[こ]す,to move (house),[sound:JP1K_976_hikkosu_word.mp3]
977,教科書,きょうかしょ,textbook,[sound:JP1K_977_kyoukasho_word.mp3]
978,文房具,ぶんぼうぐ,stationary,[sound:JP1K_978_bunbougu_word.mp3]
979,天井,てんじょう,ceiling,[sound:JP1K_979_tenjou_word.mp3]
980,投げる,なげる,to throw,[sound:JP1K_980_nageru_word.mp3]
981,飽きる,あきる,"to get tired of, to lose interest in",[sound:JP1K_981_akiru_word.mp3]
982,完了,かんりょう,"completion, conclusion",[sound:JP1K_982_kanryou_word.mp3]
983,過去,かこ,"the past, bygone days",[sound:JP1K_983_kako_word.mp3]
984,触れる,ふれる,"to touch, to feel",[sound:JP1K_984_fureru_word.mp3]
985,微妙,びみょう,"difficult, complex, subtle",[sound:JP1K_985_bimyou_word.mp3]
986,詳しい,くわしい,detailed,[sound:JP1K_986_kuwashii_word.mp3]
987,消す,けす,"to extinguish, to put out",[sound:JP1K_987_kesu_word.mp3]
989,比べる,くらべる,to compare,[sound:JP1K_989_kuraberu_word.mp3]
990,証明,しょうめい,"proof, testimony",[sound:JP1K_990_shoumei_word.mp3]
991,満足,まんぞく,satisfaction,[sound:JP1K_991_manzoku_word.mp3]
992,才能,さいのう,talent,[sound:JP1K_992_sainou_word.mp3]
993,永遠,えいえん,eternity,[sound:JP1K_993_eien_word.mp3]
994,心臓,しんぞう,heart,[sound:JP1K_994_shinzou_word.mp3]
995,勝利,しょうり,victory,[sound:JP1K_995_shouri_word.mp3]
996,季節,きせつ,season,[sound:JP1K_996_kisetsu_word.mp3]
997,値段,ねだん,price,[sound:JP1K_997_nedan_word.mp3]
998,預ける,あずける,to leave (in someone's keeping),[sound:JP1K_998_azukeru_word.mp3]
999,与える,あたえる,to give (esp. to someone of lower status),[sound:JP1K_999_ataeru_word.mp3]
1000,慌てる,あわてる,"to be flustered, to panic",[sound:JP1K_1000_awateru_word.mp3]
