nonoshiru,ののしる,abuse verbally,彼女はさんざん私の事をののしった。She called me many terrible things.,彼女はさんざん私の事をののしった。,She called me many terrible things.
najimu,馴染む,adapt to,旧弊な人は新しい事になじめない。You can’t teach an old dog new tricks.,旧弊な人は新しい事になじめない。,You can’t teach an old dog new tricks.
tasu,足す,add,"砂糖を少し足して下さい。  Add a bit of sugar, please. ",砂糖を少し足して下さい。,"Add a bit of sugar, please. "
kuwaeru,加える,add to,それに私も加えておいて。  Count me in. ,それに私も加えておいて。,Count me in. 
kotaeru,答える,answer,私は質問に答えたでしょうか。  Have I answered your question? ,私は質問に答えたでしょうか。,Have I answered your question? 
tsuku,着く,arrive,あなたがロンドンに着くころ頃には晩秋となっているだろう。It will be late autumn when you get to London.,あなたがロンドンに着くころ頃には晩秋となっているだろう。,It will be late autumn when you get to London.
kokorozasu,志す,aspire to,彼はやろうと志すものは、何でもやり遂げる。  He accomplishes whatever he sets out to do. ,彼はやろうと志すものは、何でもやり遂げる。,He accomplishes whatever he sets out to do. 
osou,襲う,attack,台風が東京を襲った。  The typhoon hit Tokyo. ,台風が東京を襲った。,The typhoon hit Tokyo. 
medatsu,目立つ  めだつ ,"attract attention, stand out",林に竹が目立つ。  Bamboo stands out in the woods. ,林に竹が目立つ。,Bamboo stands out in the woods. 
sakeru,避ける,"avoid, dodge",揚げ物はしばらく避けなさい。 Avoid fried foods for a while.,揚げ物はしばらく避けなさい。,Avoid fried foods for a while.
yaku,焼く,"bake, grill",母は日曜日にはクッキーを焼く。 Mother bakes cookies on Sundays. ▾,母は日曜日にはクッキーを焼く。,Mother bakes cookies on Sundays. ▾
kinjiru,禁じる,"ban, prohibit",彼女は喫煙を禁じられた。 She was prohibited from smoking.,彼女は喫煙を禁じられた。,She was prohibited from smoking.
iru,いる,be,田中さんはいないです。Mr. Tanaka isn’t here.,田中さんはいないです。,Mr. Tanaka isn’t here.
fukeru,ふける,be absorbed in/obsessed by,彼女は飲酒にふけった。 She abandoned herself to drinking.,彼女は飲酒にふけった。,She abandoned herself to drinking.
ikiru,生きる,be alive,生きる意味を教えてくれ。 Tell me the meaning of life.,生きる意味を教えてくれ。,Tell me the meaning of life.
kikoeru,聞こえる,"be audible, able to hear",虫の音がきこえます。 I can hear the chirping of insects.,虫の音がきこえます。,I can hear the chirping of insects.
motozuku,基づく,be based on,彼女は事実に基づいて議論を展開する。 Her argument was founded on fact.,彼女は事実に基づいて議論を展開する。,Her argument was founded on fact.
kuramu,眩む,"be blinded, get dizzy",彼女はその豪華な部屋に目のくらむ思いがした。 She was dazzled by the gorgeous room.,彼女はその豪華な部屋に目のくらむ思いがした。,She was dazzled by the gorgeous room.
umareru,生まれる,be born,"油断なく注意さえしておれば好機はおのずからうまれる。 Plenty of opportunities will present themselves, if only you are awake to them. ▾",油断なく注意さえしておれば好機はおのずからうまれる。,"Plenty of opportunities will present themselves, if only you are awake to them. ▾"
oreru,折れる,"be broken, snap",彼は顎の骨を折って、歯も何本か折れた。 He got a broken jaw and lost some teeth.,彼は顎の骨を折って、歯も何本か折れた。,He got a broken jaw and lost some teeth.
kogeru,焦げる,"be burned, charred",このコーヒーはこげた味がする。 This coffee tastes burnt.,このコーヒーはこげた味がする。,This coffee tastes burnt.
naoru,治る,"be cured, healed",風邪が治るのに長くかかった。 It took me a long time to get over my cold.,風邪が治るのに長くかかった。,It took me a long time to get over my cold.
kimaru,決まる,"be decided, agreed upon",話は決まった。 Let’s leave it at that.,話は決まった。,Let’s leave it at that.
kotonaru,異なる,be different from,毎日同じ教室を２つの異なった生徒達の集団で使っているのです。 We use the same classroom for two different groups of students each day.,毎日同じ教室を２つの異なった生徒達の集団で使っているのです。,We use the same classroom for two different groups of students each day.
chigau,違う,"be different, wrong",運んできてくれたランチは噂に違わず旨,運んできてくれたランチは噂に違わず旨,
yopparau,酔っ払う,be drunk,私は少し酔っている。  I am a bit drunk. ,私は少し酔っている。,I am a bit drunk. 
tariru,足りる,"be enough, suffient",必要を満たすに足りる収入。 An income adequate for one’s needs.,必要を満たすに足りる収入。,An income adequate for one’s needs.
dokidoki suru,ドキドキする,be excited,"彼は次の旅行の事を考えると、ドキドキする。  Whenever he thinks of the trip he’s got coming up, he gets all excited. ",彼は次の旅行の事を考えると、ドキドキする。,"Whenever he thinks of the trip he’s got coming up, he gets all excited. "
mitsukaru,見つかる,be found,"明日の朝起きたらすてきなものが見つかるよ。 When you wake up tomorrow morning, you will find a wonderful thing. ▾",明日の朝起きたらすてきなものが見つかるよ。,"When you wake up tomorrow morning, you will find a wonderful thing. ▾"
tamagiru,,be frightened,彼女がワインをからにしたのにはたまげた。 I was amazed that she had drunk all of the wine.,彼女がワインをからにしたのにはたまげた。,I was amazed that she had drunk all of the wine.
yorokobu,喜ぶ,"be glad, pleased",喜んで行きます。  I’ll be glad to come. ,喜んで行きます。,I’ll be glad to come. 
komaru,困る,be in trouble,"会社をクビになったけど、貯金がすこしあるので、差し詰め生活には困らない。 I got fired from the company, but since I have a little money saved up, for the time being, I won’t have trouble with living expenses.",会社をクビになったけど、貯金がすこしあるので、差し詰め生活には困らない。,"I got fired from the company, but since I have a little money saved up, for the time being, I won’t have trouble with living expenses."
okureru,遅れる,"be late, lag behind",列車は雪のため遅れた。 The train was delayed by snow.,列車は雪のため遅れた。,The train was delayed by snow.
namakeru,怠ける,be lazy,彼は勉強を怠けている。 He is lazy in his study.,彼は勉強を怠けている。,He is lazy in his study.
nakunaru,無くなる,"be missing, vanish",欲に目がくらんで判断力が無くなったらしい。 Greed seems to have blinded his good judgement.,欲に目がくらんで判断力が無くなったらしい。,Greed seems to have blinded his good judgement.
majiru,混じる,"be mixed,",トムは知らない人に混じって居心地が悪かった。 Tom is ill at ease among strangers.,トムは知らない人に混じって居心地が悪かった。,Tom is ill at ease among strangers.
tsugu,次ぐ,be next,きれい好きは敬神に次ぐ美徳。 Cleanliness is next to godliness.,きれい好きは敬神に次ぐ美徳。,Cleanliness is next to godliness.
kinchou suru,緊張する,be nervous,緊張する必要はありまんせん. There’s no need to be nervous.,緊張する必要はありまんせん,".""There’s no need to be nervous."""
moteru,もてる,be popular,彼はモテる。He’s popular with the ladies.,彼はモテる。,He’s popular with the ladies.
mokaru,儲かる,"be profitable, make money",この商売は儲かりません。 There isn’t much money in this business,この商売は儲かりません。,There isn’t much money in this business
mayou,迷う,be puzzled,彼は森で迷った。 He lost his way in the woods.,彼は森で迷った。,He lost his way in the woods.
yomigaeru,蘇る,be resurrected;,春の雨が花に生気をよみがえらせた。A spring rain revived the flower.,春の雨が花に生気をよみがえらせた。,A spring rain revived the flower.
kanashimu,悲しむ,"be sad, grieve",悲しんでいる彼女をそっとしておきなさい。 Don’t intrude on her sorrow.,悲しんでいる彼女をそっとしておきなさい。,Don’t intrude on her sorrow.
tamaru,たまる,"be saved, accumulated",彼は借金がたまって夜逃げ同然に町を去った。 He was deeply in debt. And he and his family skipped town. ▾,彼は借金がたまって夜逃げ同然に町を去った。,He was deeply in debt. And he and his family skipped town. ▾
numeru,滑る,be slippery,彼女はすべらないようにゆっくりと歩いた。 She walked slowly so she wouldn’t slip. ▾,彼女はすべらないようにゆっくりと歩いた。,She walked slowly so she wouldn’t slip. ▾
odoroku,驚く,"be suprised, amazed",トムは驚いた。  Tom was shocked. ,トムは驚いた。,Tom was shocked. 
mieru,見える,"be visible, able to see",モロに見える。It’s completely visible.,モロに見える。,It’s completely visible.
uramu,恨む,bear a grudge,"セーラは恨むような女の子ではないだろうが。  Well, I don’t think Sara is the sort of girl to bear grudges. ",セーラは恨むような女の子ではないだろうが。,"Well, I don’t think Sara is the sort of girl to bear grudges. "
naru,なる,become,春になった。  Spring is here. ,春になった。,Spring is here. 
kasumu,霞む,"become blurred, hazy",くの物がかすんで見えます。  Distant things look blurred. ,くの物がかすんで見えます。,Distant things look blurred. 
komu,込む,become crowded,The train is very crowded this evening.,The,train is very crowded this evening.
kageru,現る,become dark,月が雲のかげから現れた。  The moon emerged from behind the cloud. ,月が雲のかげから現れた。,The moon emerged from behind the cloud. 
kawaku,乾く,become dry,乾いた砂は水を吸い込む。  Dry sand absorbs water. ,乾いた砂は水を吸い込む。,Dry sand absorbs water. 
suku,空く  すく ,"become empty, uncrowded",お腹は空いていますか？  Are you hungry? ,お腹は空いていますか？,Are you hungry? 
itamu,痛む,"become hurt, damaged",背中が痛む。  My back hurts. ,背中が痛む。,My back hurts. 
hayaru,流行る,become popular,今何が流行っていますか。  What is popular now? ,今何が流行っていますか。,What is popular now? 
tsuyomaru,強まる,become stronger,"年をとると共に、情熱は薄れるが、身についた習慣は強まるものだ。  Passions weaken, but habits strengthen, with age. ",年をとると共に、情熱は薄れるが、身についた習慣は強まるものだ。,"Passions weaken, but habits strengthen, with age. "
nureru,濡れる,become wet,それが濡れている  That is wet. ,それが濡れている,That is wet. 
hajimaru,始まる,begin,映画が始まります。  The movie starts. ,映画が始まります。,The movie starts. 
shinjiru,信じる,believe,僕()は君()を信()じる。I believe you.,僕,"("")は君()を信()じる。 I believe you."""
mikubiru,みくびる,"belittle, despise",その運転選手は決して相手をみくびるようなことはしない。  The student insulted the teacher. ,その運転選手は決して相手をみくびるようなことはしない。,The student insulted the teacher. 
hineru,捻る,"bend, twist","体を捻ってから下までしゃがみます。  After twisting your body, squat down. ",体を捻ってから下までしゃがみます。,"After twisting your body, squat down. "
kamu,噛む,bite,あなたの犬は噛む？  Does your dog bite? ,あなたの犬は噛む？,Does your dog bite? 
saku,咲く,bloom,花は咲く。  Flowers bloom. ,花は咲く。,Flowers bloom. 
fuku,吹く,"blow, wipe",風が吹く。  The wind blows. ,風が吹く。,The wind blows. 
noru,乗る,"board, ride on",バスに乗()りなさい。Take a bus.,バスに乗,"("")りなさい。 Take a bus."""
ibaru,威張る,boast,彼はいつもいばりちらしています。  He is always throwing his weight around. ,彼はいつもいばりちらしています。,He is always throwing his weight around. 
kariru,借りる,"borrow, rent",ペン借りていい？  Can I borrow your pen? ,ペン借りていい？,Can I borrow your pen? 
kowareru,壊れる,break,シャワーが壊れた。  The shower is broken. ,シャワーが壊れた。,The shower is broken. 
koukyuu suru,呼吸する,breathe,酸素は私たちが呼吸すると肺の中に取り込まれる。  Oxygen is taken into our lungs when we breathe. ,酸素は私たちが呼吸すると肺の中に取り込まれる。,Oxygen is taken into our lungs when we breathe. 
kireru,切れる,"break, cut off, expire",お茶が切れています。  We’ve run out of tea. ,お茶が切れています。,We’ve run out of tea. 
tateru,立てる,build,誰が立てたのですか。  Who built it? ,誰が立てたのですか。,Who built it? 
yakeru,焼ける,burn,焼けるように熱い。  It is broiling hot. ,焼けるように熱い。,It is broiling hot. 
kau,買う,buy,これを買います。  I’ll buy this. ,これを買います。,I’ll buy this. 
yobu,呼ぶ,call,警察を呼んで！  Call the police ,警察を呼んで！,Call the police 
denwa suru,電話する,call (phone),後で電話して!  Call me later! ,後で電話して,"!"" Call me later! """
dekiru,出来る,"can, be able",ボブは料理ができる。  Bob can cook. ,ボブは料理ができる。,Bob can cook. 
ki wo tsukeru,気を付ける,care,お体にお気を付けください。  Please take care of yourself. ,お体にお気を付けください。,Please take care of yourself. 
kamau,構う,"care about, mind",どっちでも構いません。  It doesn’t matter. ,どっちでも構いません。,It doesn’t matter. 
hakobu,運ぶ\,carry,これを運んでください。Carry this for me.,これを運んでください。,Carry this for me.
katsugu,担ぐ,carry on one’s shoulders,彼は肩に銃を担いだ。  He carried a rifle on his shoulder. ,彼は肩に銃を担いだ。,He carried a rifle on his shoulder. 
hasamu,挟む,"catch, hold (between two things)",ドアに指をはさみました。I caught my finger in the door.,ドアに指をはさみました。,I caught my finger in the door.
iwau,祝う,"celebrate, congratulate",七夕は七月に祝う。  We celebrate the Star Festival in July. ,七夕は七月に祝う。,We celebrate the Star Festival in July. 
kaeru,変える,change,老人が考えを変えるのは難しい。 It is hard for an old man to change his way of thinking.,老人が考えを変えるのは難しい。,It is hard for an old man to change his way of thinking.
kawaru,変わる,change,流行はすぐ変わります。  Fashions change quickly. ,流行はすぐ変わります。,Fashions change quickly. 
ou,追う,"chase, drive away",あの車を追ってくれ。Follow that car.,あの車を追ってくれ。,Follow that car.
shaberu,喋る,chatter,僕たちの計画を誰にもしゃべるな。 Don’t mention our plan to anybody.,僕たちの計画を誰にもしゃべるな。,Don’t mention our plan to anybody.
shiraberu,調べる,"check, investigate",私はその事件を調べた。  I looked into the incident. ,私はその事件を調べた。,I looked into the incident. 
kamu,噛む,chew,食物をよくかみなさい。  Chew your food well. ,食物をよくかみなさい。,Chew your food well. 
erabu,選ぶ,"choose, select",これを選びます。  This is my choice ,これを選びます。,This is my choice 
kuichigau,食い違う,"clash, disagree",この点で私たちの意見が食い違うのは確かだ。  It is on this point that our opinions differ. ,この点で私たちの意見が食い違うのは確かだ。,It is on this point that our opinions differ. 
hareru,晴れる,"clear up, tidy up",空が晴れた。The sky has become clear.,空が晴れた。,The sky has become clear.
noboru,登る,climb,猿は木に登る。  Monkeys climb trees. ,猿は木に登る。,Monkeys climb trees. 
shimaru,閉まる,"close, be closed",ドアが閉まるの聞こえた。  I heard the door close. ,ドアが閉まるの聞こえた。,I heard the door close. 
kuzureru,崩れる,"collapse, cave in",壁が地震で崩れた。  The wall gave way in the earthquake. ,壁が地震で崩れた。,The wall gave way in the earthquake. 
kuru,来る,come,来られますか。  Can you come? ,来られますか。,Can you come? 
hazureru,外れる,"come off, go wide",彼の話は要点をはずれている。  His talk is off the point. ,彼の話は要点をはずれている。,His talk is off the point. 
hodokeru,解ける,"come untied, loose",靴紐が解けていますよ。  Your shoes are untied. ,靴紐が解けていますよ。,Your shoes are untied. 
nagusameru,慰める,comfort,私は彼女を慰めることができる。  I can comfort her. ,私は彼女を慰めることができる。,I can comfort her. 
iitsukeru,言いつける,command,彼は私にそれをするように言いつけた。  He told me to do it. ,彼は私にそれをするように言いつけた。,He told me to do it. 
kayou,通う,commute,兵庫大学に通っています。  I go to Hyogo University. ,兵庫大学に通っています。,I go to Hyogo University. 
kuraberu,比べる,compare,ロンドンは東京に比べて小さい。  London is smaller than Tokyo. ,ロンドンは東京に比べて小さい。,London is smaller than Tokyo. 
monku wo iu,文句を言う,complain,文句を言うな。  Don’t complain. ,文句を言うな。,Don’t complain. 
korasu,凝らす,concentrate,彼は息を凝らしてその光景を見つめていた。  He was watching the scene with breathless interest. ,彼は息を凝らしてその光景を見つめていた。,He was watching the scene with breathless interest. 
tsunagu,繋ぐ,"connect, fasten",彼は犬を木につないだ。 He tied the dog to a tree.,彼は犬を木につないだ。,He tied the dog to a tree.
renraku suru,連絡する,contact,手紙で連絡してください。  Please contact me by letter. ,手紙で連絡してください。,Please contact me by letter. 
tsuzukeru,続ける,continue,ぜひ練習()を続()けなさい。Do keep practicing!,ぜひ練習,"("")を続()けなさい。 Do keep practicing!"""
tsuzuku,続く,"continue, follow",吹雪が続いた。The snowstorm continued.,吹雪が続いた。,The snowstorm continued.
ryouri suru,料理する,cook,今晩は私が料理します。  I’ll cook for you tonight. ,今晩は私が料理します。,I’ll cook for you tonight. 
hiyasu,冷やす,"cool, refridgerate",頭を冷やせよ。  Calm down. ,頭を冷やせよ。,Calm down. 
hieru,冷える,cool down,今夜は冷えるでしょう。  It will cool down tonight. ,今夜は冷えるでしょう。,It will cool down tonight. 
kazoeru,数える,count,３０まで数えなさい。  Count up to thirty. ,３０まで数えなさい。,Count up to thirty. 
wataru,渡る,cross,通りを渡れ。  Cross the street. ,通りを渡れ。,Cross the street. 
kosu,越す,"cross, pass, move ahead",彼は４０歳を越している。  He is past forty. ,彼は４０歳を越している。,He is past forty. 
kudaku,砕く,"crush, smash",愛は人の心を砕くこともできるのさ。 But love can break your heart.,愛は人の心を砕くこともできるのさ。,But love can break your heart.
naku,鳴く,cry,鳥は鳴く。Birds sing.,鳥は鳴く。,Birds sing.
kiru,切る,cut,それを半分にきりなさい。  Cut it in half. ,それを半分にきりなさい。,Cut it in half. 
odoru,踊る,dance,私も踊るのが好きです。  I like dancing too. ,私も踊るのが好きです。,I like dancing too. 
tsukiau,付き合う,date,君達はいつからつきあっているのですか。  How long have you been dating? ,君達はいつからつきあっているのですか。,How long have you been dating? 
kusaru,腐る,"decay, go bad, be depressed",牛乳が腐った。  The milk has gone bad. ,牛乳が腐った。,The milk has gone bad. 
itsuwaru,偽る,"deceive, lie",彼は年齢を偽った。  He lied about his age. ,彼は年齢を偽った。,He lied about his age. 
kimeru,決める,"decide, choose",決めました。  I made my decision. ,決めました。,I made my decision. 
sadameru,定める,"decide, establish",それは法律が定めていることである。It is what the law ordains.,それは法律が定めていることである。,It is what the law ordains.
kazaru,飾る,"decorate, display",話はかわりますが。  To change the subject. ,話はかわりますが。,To change the subject. 
heru,減る,"decrease, reduce",この町の人口は減った。  The population of this city has decreased. ,この町の人口は減った。,The population of this city has decreased. 
makasu,負かす,defeat,チェスで人を負かす。  Beat a person at chess. ,チェスで人を負かす。,Beat a person at chess. 
haitatsu suru,配達する,deliver,日曜日に配達していますか。  Do you deliver on Sundays? ,日曜日に配達していますか。,Do you deliver on Sundays? 
tayoru,配達,depend on,に頼るな。  Don’t rely on him. ,に頼るな。,Don’t rely on him. 
iiarawasu,言い表す,describe,その物体がどんな物か言い表す事が出来ますか。Can you describe the object?,その物体がどんな物か言い表す事が出来ますか。,Can you describe the object?
kuzusu,崩す,"destroy, break down",酒で彼は身を崩した。  Drink brought about his downfall. ,酒で彼は身を崩した。,Drink brought about his downfall. 
horobosu,滅ぼす,"destroy, ruin",彼は酒で身を滅ぼした。Drinking was his ruin.,彼は酒で身を滅ぼした。,Drinking was his ruin.
shinu,死ぬ,die,退屈で死にそうだ。  I am bored to death. ,退屈で死にそうだ。,I am bored to death. 
horu,掘る,dig,彼は穴をほった。  He dug a hole. ,彼は穴をほった。,He dug a hole. 
hanashiau,話し合う,Discuss,虚心坦懐に話し合った。We talked quite frankly.,虚心坦懐に話し合った。,We talked quite frankly.
iyagaru,嫌がる,"dislike, hate",猫はぬれるのを嫌がる。  Cats dislike being wet. ,猫はぬれるのを嫌がる。,Cats dislike being wet. 
wakeru,忘ける,"divide, separate",それを３人の間で分けよ。Divide it among the three.,それを３人の間で分けよ。,Divide it among the three.
rikon suru,離婚する,divorce,どちらかといえば彼とは離婚したい。,どちらかといえば彼とは離婚したい。,
suru,する,do,ログアウトするんじゃなかったよ。 I shouldn’t have logged off.,ログアウトするんじゃなかったよ。,I shouldn’t have logged off.
yaru,やる,do,やりますか。Will you do it?,やりますか。,Will you do it?
ganbaru,頑張る,do your best,彼は一生懸命がんばる。  He tries hard. ,彼は一生懸命がんばる。,He tries hard. 
daunro-do suru,ダウンロードする,download,"このプログラムを持っていないならば、今ダウンロードすることができます。  If you do not have this program, you can download it now. ",このプログラムを持っていないならば、今ダウンロードすることができます。,"If you do not have this program, you can download it now. "
utagau,,"doubt, suspect",疑う余地はない。There is no room for doubt.,疑う余地はない。,There is no room for doubt.
kaku,描く,draw,彼はよく風景を描く。  He often paints landscapes. ,彼はよく風景を描く。,He often paints landscapes. 
nomu,飲む,drink,コーヒーを飲むの？  Do you drink coffee? ,コーヒーを飲むの？,Do you drink coffee? 
untensuru,する,drive,安全運転してね。  Drive safely. ,安全運転してね。,Drive safely. 
kawakasu,運転,dry,どうして髪を乾かしているの。  Why are you drying your hair? ,どうして髪を乾かしているの。,Why are you drying your hair? 
hosu,干す,"dry, air",蒲団を干して下さい。Air the futon.,蒲団を干して下さい。,Air the futon.
taberu,食べる,eat,食べたの？  Have you eaten? ,食べたの？,Have you eaten? 
nijiru,,edge forward,彼女のドレスはにじの色のほとんどがそろっている。  Her dresses show most of the hues of the rainbow. ,彼女のドレスはにじの色のほとんどがそろっている。,Her dresses show most of the hues of the rainbow. 
me-ru suru,メールする,email,後でちゃんと調べてメールする。  I will email you after I check it thoroughly. ,後でちゃんと調べてメールする。,I will email you after I check it thoroughly. 
daku,抱く,"embrace, hug",彼は彼女をしっかりと抱いた。  He held her tightly. ,彼は彼女をしっかりと抱いた。,He held her tightly. 
hagemasu,励ます,encourage,僕が彼を励ましに行こう。  I will go to encourage him. ,僕が彼を励ましに行こう。,I will go to encourage him. 
owaru,終わる,end,いつ終わるの？  When’s it over? ,いつ終わるの？,When’s it over? 
tanoshimu,楽しむ,"enjoy, have fun",楽しんでね。  Have a good time. ,楽しんでね。,Have a good time. 
hairu,入る,enter,お入りください。Come in.,お入りください。,Come in.
sugureru,優れる,"excel, be excellent, be superior",優れたコンピューターでもチェスではあなたを負かせない。 Even a good computer cannot beat you at chess. ▾,優れたコンピューターでもチェスではあなたを負かせない。,Even a good computer cannot beat you at chess. ▾
undousuru,運動する,exercise,毎日運動するようにする。  Exercise every day. ,毎日運動するようにする。,Exercise every day. 
torikaeru,取り換える,exchange,彼らは欠陥テレビを新しいのと取りかえた。 They replaced the defective TV with a new one.,彼らは欠陥テレビを新しいのと取りかえた。,They replaced the defective TV with a new one.
kitai suru,期待する,expect,彼におおいに期待している。  I expect a lot from him. ,彼におおいに期待している。,I expect a lot from him. 
me ni au,目にあう,experience,ひどい目にあった。  I had a terrible experience. ,ひどい目にあった。,I had a terrible experience. 
setsumei suru,説明する,explain,詳しく説明してください。  Please explain in detail. ,詳しく説明してください。,Please explain in detail. 
dasu,出す,"extract, take out",金を出しなさい。  Get out your money. ,金を出しなさい。,Get out your money. 
mukau,向かう,"face, turn/head toward",彼は家に向かった。  He made for home. ,彼は家に向かった。,He made for home. 
shippai suru,失敗する,fail,彼は多分失敗するだろう。  He will probably fail. ,彼は多分失敗するだろう。,He will probably fail. 
nemuru,眠る,fall asleep,彼は眠っている。  He’s asleep. ,彼は眠っている。,He’s asleep. 
korobu,転ぶ,fall down,赤ん坊はよく転ぶ。  Babies often fall down. ,赤ん坊はよく転ぶ。,Babies often fall down. 
taoreru,倒れる,"fall down, collapse",木が倒れた。The tree fell down.,木が倒れた。,The tree fell down.
furu,降る,fall from the sky,雪が降った。  It snowed. ,雪が降った。,It snowed. 
horeru,惚れる,fall in love,君に惚れてる。  I’m falling in love with you. ,君に惚れてる。,I’m falling in love with you. 
sagaru,下がる,"fall, drop, hang",温度が下がる。  The temperature falls. ,温度が下がる。,The temperature falls. 
ochiru,落ちる,"fall, go down",葉が落ちた。  The leaves fell. ,葉が落ちた。,The leaves fell. 
onara wo suru,おならをする,fart,おばあさんは必ずおならをする。  The old lady is bound to fart. ,おばあさんは必ずおならをする。,The old lady is bound to fart. 
kowagaru,怖がる,fear,彼女は吠える犬を怖がる。 She is afraid of barking dogs.,彼女は吠える犬を怖がる。,She is afraid of barking dogs.
osoreru,恐れる,"fear, be in awe of",恐れるな。  Don’t be afraid. ,恐れるな。,Don’t be afraid. 
meiru,めいる,feel depressed,雨の日は気がめいるよ。  Rainy days make me depressed. ,雨の日は気がめいるよ。,Rainy days make me depressed. 
shizumu,沈む,"feel depressed, sink",船が沈んでいく。  The ship is sinking. ,船が沈んでいく。,The ship is sinking. 
hoteru,,feel hot,顔がほてります。My cheeks burn.,顔がほてります。,My cheeks burn.
kanjiru,感じる,"feel, sense",生を感じる。 I feel alive.,生を感じる。,I feel alive.
ijiru,,fiddle with,その鍵をいじるな！  Don’t play with that key! ,その鍵をいじるな！,Don’t play with that key! 
tatakau,闘う,"fight against, struggle against",病気と闘う。  Struggle with disease. ,病気と闘う。,Struggle with disease. 
mitsukeru,見つける,find,これから見つけます。  I’ll find one later. ,これから見つけます。,I’ll find one later. 
owaru,終わる,finish,,,
katazukeru,片付ける,"finish, tidy up, clean",テーブルを片付()けなさい。Clear off the tabl,テーブルを片付,Clear off the table
tsuru,釣る,fish,彼は魚を３匹釣った。He caught three fish.,彼は魚を３匹釣った。,He caught three fish.
ukabu,,"float, come to mind",すばらしいアイデアがうかんだよ。I’ve got a splendid idea.,すばらしいアイデアがうかんだよ。,I’ve got a splendid idea.
nagareru,流れる,"flow, be called off",涙が流れている。  Tears flow down. ,涙が流れている。,Tears flow down. 
tatamu,畳む,fold,布団をたたみなさい。  Fold up your futon. ,布団をたたみなさい。,Fold up your futon. 
wasureru,忘れる,forget,忘れないでください。Please do not forget.,忘れないでください。,Please do not forget.
yurusu,許す,"forgive, allow,","あなたが後悔しているのなら許してあげよう。As you are sorry, I’ll forgive you.",あなたが後悔しているのなら許してあげよう。,"As you are sorry, I’ll forgive you."
narabu,並ぶ,"form a line, equal","並んでお待ちください。  Wait in line, please. ",並んでお待ちください。,"Wait in line, please. "
atsumaru,集まる,"gather, assemble",明日集まりましょう。  Let’s get together tomorrow ,明日集まりましょう。,Let’s get together tomorrow 
aogu,仰ぐ,"gaze, look up, respect, fan oneself",空を仰ぎ見る。  Look up to the skies. ,空を仰ぎ見る。,Look up to the skies. 
eru,得る,get,彼は即答を得た。 He won an immediate response.,彼は即答を得た。,He won an immediate response.
okoru,怒る,get angry,"まあまあ、そう怒らないでくださいな。 Now, please don’t get so angry.",まあまあ、そう怒らないでくださいな。,"Now, please don’t get so angry."
kikaeru,着換える,get changed,私はもう着替えました。 I have already changed my clothes.,私はもう着替えました。,I have already changed my clothes.
kumoru,曇る,get cloudy,曇ってきた。 It’s getting cloudy.,曇ってきた。,It’s getting cloudy.
futoru,太る,get fat,"彼女は太っているとはいえないまでも大柄な人だ。 She is large, not to say fat.",彼女は太っているとはいえないまでも大柄な人だ。,"She is large, not to say fat."
koeru,こえる,"get fat, grow fertile / cross over, exceed",彼女は少なくとも４０才は越えていると思う。 I think she’s over 40 years old.,彼女は少なくとも４０才は越えていると思う。,I think she’s over 40 years old.
iru,入る,get in,補足情報には、副詞や副詞のはたらきをするものが入ります。 Supplementary information includes adverbs and things that function as adverbs. ▾,補足情報には、副詞や副詞のはたらきをするものが入ります。,Supplementary information includes adverbs and things that function as adverbs. ▾
oriru,降りる,"get off, go down",姫路駅で降りなさい。 Get off at Himeji Station,姫路駅で降りなさい。,Get off at Himeji Station
tsukareru,疲れる,get tired,目が疲れやすいです。 My eyes get tired very easily.,目が疲れやすいです。,My eyes get tired very easily.
okiru,起きる,get up,早く起きろ。 Get up early,早く起きろ。,Get up early
nareru,慣れる,"get used to, become familiar with",夜更かしになれている。 I’m used to staying up late.,夜更かしになれている。,I’m used to staying up late.
atatamaru,暖まる,get warm,味噌汁が温まった。  The miso soup has heated up. ,味噌汁が温まった。,The miso soup has heated up. 
ageru,あげる,give,あなたは時には妹さんにおこづかいをあげますか。Do you sometimes give your sister money?,あなたは時には妹さんにおこづかいをあげますか。,Do you sometimes give your sister money?
kureru,くれる,give (the giver is not the speaker),"「なあ、そこの姉さん」「え？」「ちょっと相談に乗ってくれないか？」 “Say, you, the lady over there.” “Eh?” “Could you give me a bit of advice?”",「なあ、そこの姉さん」「え？」「ちょっと相談に乗ってくれないか？」,"“Say, you, the lady over there.” “Eh?” “Could you give me a bit of advice?”"
kaesu,返す,"give back, return (something to someone)",必ず明日その本を返しなさい。 Don’t fail to return the book tomorrow.,必ず明日その本を返しなさい。,Don’t fail to return the book tomorrow.
omoikiru,,give up all thoughts of;  to abandon,彼女の事が思い切れない。 I can’t forget her.,彼女の事が思い切れない。,I can’t forget her.
niramu,睨む,"glare at, keep an eye on",彼はにくらしげに彼女をにらんだ。 He stared at her with hatred.,彼はにくらしげに彼女をにらんだ。,He stared at her with hatred.
kajiru,齧る,"gnaw, nibble",犬は肉を骨からかじりとった。 The dog bit meat off the bone.,犬は肉を骨からかじりとった。,The dog bit meat off the bone.
iku,行く,go,幼なじみが春から大阪の大学に行くらしい。 Apparently an old friend of mine is going to a university in Osaka in Spring. ▾,幼なじみが春から大阪の大学に行くらしい。,Apparently an old friend of mine is going to a university in Osaka in Spring. ▾
susumu,進む,"go forward, advance",エイズウイルスの拡散は恐るべき速さで進んでいる。 The speed of the spread of AIDS is horrifyingly fast.,エイズウイルスの拡散は恐るべき速さで進んでいる。,The speed of the spread of AIDS is horrifyingly fast.
kuruu,狂う,"go mad, be out of order",私の時計は狂っている。 My watch is broken.,私の時計は狂っている。,My watch is broken.
deru,出る,go out,"月も出ていない闇夜だった。 It was a dark night, with no moon.",月も出ていない闇夜だった。,"It was a dark night, with no moon."
dekakeru,出かける,"go out, leave home",旅に出かけたい気がする。 I feel like going on a trip.,旅に出かけたい気がする。,I feel like going on a trip.
mawaru,回る,go round,葉が空中でぐるぐる回っていた。 Leaves were whirling in the air.,葉が空中でぐるぐる回っていた。,Leaves were whirling in the air.
agaru,上がる,"go up, rise",幕があがった。  The curtain rose ,幕があがった。,The curtain rose 
nigiru,握る,grasp,彼女はロープをしっかりと握った。 She took a strong hold on the rope. ▾,彼女はロープをしっかりと握った。,She took a strong hold on the rope. ▾
mukaeru,迎える,"greet, meet, welcome",友人を迎えに駅まで行ってきたところだ。 I’ve been to the station to meet a friend.,友人を迎えに駅まで行ってきたところだ。,I’ve been to the station to meet a friend.
haeru,生える,grow,植物が生える。  Plants grow. ,植物が生える。,Plants grow. 
kureru,暮れる,grow dark (sunset),"冬の日は速く暮れる。  In the winter, days are shorter. ",冬の日は速く暮れる。,"In the winter, days are shorter. "
toshitoru,歳取る,grow old,みんな死んでいくな。俺も歳取るはずだ。  Everyone dies. I’ll grow old to ,みんな死んでいくな。俺も歳取るはずだ。,Everyone dies. I’ll grow old to 
shizumaru,静まる,grow quiet,嵐は静まった。  The storm has died down. ,嵐は静まった。,The storm has died down. 
shigeru,茂る,grow thick,こんもりと茂った木々の葉を通して日光が差し込んだ。 The sunshine penetrated the thick leaves of the trees.,こんもりと茂った木々の葉を通して日光が差し込んだ。,The sunshine penetrated the thick leaves of the trees.
sodatsu,育つ,"grow up, be raised",彼女は金持ちの家庭に育った。 She was brought up in a rich family.,彼女は金持ちの家庭に育った。,She was brought up in a rich family.
guchiru,,grumble,「うちの愛妻がケチでさー」「のろけてる？愚痴ってる？」 “My wonderful wife is so stingy that …” “You boasting? Or complaining?”,「うちの愛妻がケチでさー」「のろけてる？愚痴ってる？」,“My wonderful wife is so stingy that …” “You boasting? Or complaining?”
watasu,渡す,hand over,かれに財布を渡して。  Just give him the wallet. ,かれに財布を渡して。,Just give him the wallet. 
aru,有る,have,緑色のはありますか。  Do you have any in green? ,緑色のはありますか。,Do you have any in green? 
motsu,持つ,"have, hold, own",胃がもたれます。  My stomach feels heavy. ,胃がもたれます。,My stomach feels heavy. 
kiku,聞く,hear,聞いてるの。  Do you hear me? ,聞いてるの。,Do you hear me? 
tasukeru,助ける,help,助けてください。  I need help. ,助けてください。,I need help. 
tasukeru,助ける,help,ワインは消化を助ける。  Wine helps digest food. ,ワインは消化を助ける。,Wine helps digest food. 
tetsudau,手伝う,help,彼女は彼を手伝った。  She helped him. ,彼女は彼を手伝った。,She helped him. 
kakureru,隠れる,hide (oneself),トムはテーブルの下に隠れた。  Tom hid under the table. ,トムはテーブルの下に隠れた。,Tom hid under the table. 
kakusu,隠す,hide (something),ベッドの下に隠さないでよ。  Don’t hide under the bed. ,ベッドの下に隠さないでよ。,Don’t hide under the bed. 
honomekasu,仄めかす,hint,彼女は我々と行きたいのだとほのめかした。  She implied that she would like to come with us. ,彼女は我々と行きたいのだとほのめかした。,She implied that she would like to come with us. 
yatou,雇う,"hire, employ",あなたは彼を雇うことができる。  You can employ him. ,あなたは彼を雇うことができる。,You can employ him. 
kakaeru,抱える,"hold (in your arms), have",トムは大きな問題を抱えている。  Tom has a big problem. ,トムは大きな問題を抱えている。,Tom has a big problem. 
isogu,急ぐ,hurry,急いで！  Step on it! ,急いで！,Step on it! 
itameru,痛める,"hurt, injured",ひじを痛めました。  I hurt my elbow. ,ひじを痛めました。,I hurt my elbow. 
souzou suru,想像する,imagine,月の上にいると想像しなさい。  Imagine yourself to be on the moon. ,月の上にいると想像しなさい。,Imagine yourself to be on the moon. 
fueru,増える,increase,体重が増えています。  I’m gaining weight. ,体重が増えています。,I’m gaining weight. 
shimesu,示す,"indicate, point out",雪は冬の到来を示す。  Snow indicates the coming of winter. ,雪は冬の到来を示す。,Snow indicates the coming of winter. 
kurushimeru,苦しめる,"inflict pain, torment",あなたは虚言で私は苦しめる。  Your lies pain me. ,あなたは虚言で私は苦しめる。,Your lies pain me. 
sasou,誘う,"invite, tempt",彼女は中に入るよう誘った。She invited him in.,彼女は中に入るよう誘った。,She invited him in.
yajiru,やじる,jeer at,彼らは彼の提案をやじった。They hooted at his suggestion.,彼らは彼の提案をやじった。,They hooted at his suggestion.
jōdan o iu,冗談を言う,joke,彼はそれについて冗談を言った。 He made a joke about it.,彼はそれについて冗談を言った。,He made a joke about it.
tobu,飛ぶ,"jump, fly",鳥は飛ぶ。Birds fly.,鳥は飛ぶ。,Birds fly.
kau,飼う,"Keep (a pet), raise, rear",彼女は猫を飼っている。その猫は白い。 She has a cat. The cat is white,彼女は猫を飼っている。その猫は白い。,She has a cat. The cat is white
keru,蹴る,kick,彼は私の横っ腹を蹴った。 He kicked my side.,彼は私の横っ腹を蹴った。,He kicked my side.
korosu,殺す,kill,喫煙は人を殺す。  Smoking kills. ,喫煙は人を殺す。,Smoking kills. 
kisusuru,キスする,kiss,彼は彼女にきづかれないようにさっとキスした。  He stole a kiss from her. ,彼は彼女にきづかれないようにさっとキスした。,He stole a kiss from her. 
shiru,知る,know,知らない。I don’t know.,知らない。,I don’t know.
chakuriku suru,着陸する,land,その飛行機は十時に飛行場に着陸します。  The plane will land at the airport at ten o’clock. ,その飛行機は十時に飛行場に着陸します。,The plane will land at the airport at ten o’clock. 
warau,笑う,laugh,妹は心ゆくまで笑った。 My sister laughed to her heart’s content.,妹は心ゆくまで笑った。,My sister laughed to her heart’s content.
fuseru,伏せる,lay face down,床に伏せろ！  Get down on the floor! ,床に伏せろ！,Get down on the floor! 
tsureru,連れる,lead,友達を連れてきなさい。  Bring along your friend. ,友達を連れてきなさい。,Bring along your friend. 
morasu,漏らす,"leak, disclose",彼女はその秘密を友達にもらした。 She babbled out the secret to her friend.,彼女はその秘密を友達にもらした。,She babbled out the secret to her friend.
moreru,漏れる,"leak, escape",ニュースがもれた。  The news leaked out. ,ニュースがもれた。,The news leaked out. 
katamuku,傾く,"lean towards, tilt",この家は傾いている。  This house is leaning to one side. ,この家は傾いている。,This house is leaning to one side. 
manabu,学ぶ,learn,学びます。  I will learn. ,学びます。,I will learn. 
narau,習う,learn,チェコ語を習っている。  I’m learning Czech. ,チェコ語を習っている。,I’m learning Czech. 
nokosu,残す,"leave behind, save",犯人は足跡を残していた。  The criminal left footprints. ,犯人は足跡を残していた。,The criminal left footprints. 
nokoru,残る,"left over, remain",傷あとが残りますか。  Will I have a scar? ,傷あとが残りますか。,Will I have a scar? 
kasu,貸す,lend,金を貸す。  I lend money. ,金を貸す。,I lend money. 
nameru,舐める,lick,猫は足の先をなめていた。  The cat was licking its paws. ,猫は足の先をなめていた。,The cat was licking its paws. 
uso wo iu,うそを言う,lie,うそを言うな。  Don’t you lie! ,うそを言うな。,Don’t you lie! 
kagiru,限る,limit,ただしかっこいい男に限る。  However that’s only for handsome men. ,ただしかっこいい男に限る。,However that’s only for handsome men. 
naraberu,並べる,"line up, list, arrange in order",我々は大きさの順に並べた。  We arranged the books according to size. ,我々は大きさの順に並べた。,We arranged the books according to size. 
kurasu,暮らす,live,裕福に暮らす。  Live in affluence. ,裕福に暮らす。,Live in affluence. 
sumu,住む,"live, reside",現在は舞子に住んでいません。 I don’t live in Maigo now.,現在は舞子に住んでいません。,I don’t live in Maigo now.
miru,見る,look,私を見て。  Look at me. ,私を見て。,Look at me. 
minasu,見做す,"look upon, consider",彼女は彼を間抜けな人間とみなした。 She regarded him as stupid,彼女は彼を間抜けな人間とみなした。,She regarded him as stupid
makeru,負ける,lose,負けるな。  Don’t give in. ,負けるな。,Don’t give in. 
yaseru,,lose weight,少しやせました。I’ve lost a little weight.,少しやせました。,I’ve lost a little weight.
otosu,落とす,"lose, drop",鉛筆を落としましたよ。You dropped your pencil.,鉛筆を落としましたよ。,You dropped your pencil.
ushinau,失う,"lose, part with",失うものは何もない。I won’t lose anything.,失うものは何もない。,I won’t lose anything.
nakusu,無くす,"lose, remove",時計をなくしました。  I lost the watch. ,時計をなくしました。,I lost the watch. 
aisuru,愛する,love,愛してます。  I love you. ,愛してます。,I love you. 
kawaigaru,可愛がる,"love, be affectionate, tender",母親は往々にして子供をかわいがり過ぎる。  Mothers often pamper their children. ,母親は往々にして子供をかわいがり過ぎる。,Mothers often pamper their children. 
sageru,下げる,"lower, hang",手を下げろ。  Put your hand down. ,手を下げろ。,Put your hand down. 
tsukuru,作る,make,バターはクリームで作る。,バターはクリームで作る。,
ichaicha suru,イチャイチャする,make out,街中でイチャイチャするカップル見たら腹立ちませんか？ Doesn’t it irritate you to see couples making out around town?,街中でイチャイチャするカップル見たら腹立ちませんか？,Doesn’t it irritate you to see couples making out around town?
machigaeru,間違える,make a mistake,間違えちゃった。  I made a mistake. ,間違えちゃった。,I made a mistake. 
kasegu,稼ぐ,make money,彼はおおいに稼ぐ。  He earns a great deal. ,彼はおおいに稼ぐ。,He earns a great deal. 
sawagu,騒ぐ,make noise,そんなに騒ぐな。  Don’t make so much noise. ,そんなに騒ぐな。,Don’t make so much noise. 
koshiraeru,拵える,make;  to manufacture;,長いわずらいで彼は借金をこさえた。 His long sickness ran him into debt.,長いわずらいで彼は借金をこさえた。,His long sickness ran him into debt.
kekkon suru,結婚する,marry,彼女と結婚したい。  I want to marry her. ,彼女と結婚したい。,I want to marry her. 
au,合う,"match, fit",目と目が合った。  Their eyes met. ,目と目が合った。,Their eyes met. 
jukusu,熟す,"mature, ripen",りんごが熟している。  The apples are ripe. ,りんごが熟している。,The apples are ripe. 
hakaru,計る,"measure, plan, plot",体温を計る。Take one’s temperature.,体温を計る。,Take one’s temperature.
au,会う,meet,来月会いしましょう。  I’ll see you next month. ,来月会いしましょう。,I’ll see you next month. 
tokeru,溶ける,"melt, dissolve, come untied",砂糖は水に溶ける。  Sugar dissolves in water. ,砂糖は水に溶ける。,Sugar dissolves in water. 
dojiru,どじる,mess up,"あう～、あたしったらまたドジっちゃいました。 Ahh, silly me, I’ve messed up again.",あう～、あたしったらまたドジっちゃいました。,"Ahh, silly me, I’ve messed up again."
hazusu,外す,miss,的を外してしまった。  I’ve missed my aim. ,的を外してしまった。,I’ve missed my aim. 
mazeru,混ぜる,mix,牛乳と卵を混ぜなさい。  Blend milk and eggs together. ,牛乳と卵を混ぜなさい。,Blend milk and eggs together. 
ugoku,動く,move,地面が動いた。The ground rocked.,地面が動いた。,The ground rocked.
ugokasu,動かす,"move, operate",信仰は山をも動かす。Faith can move mountains.,信仰は山をも動かす。,Faith can move mountains.
tochiru,,muff lines,この新人のアナウンサー、さっきからとちってばかりいる。This new announcer keeps stumbling.,この新人のアナウンサー、さっきからとちってばかりいる。,This new announcer keeps stumbling.
kakeru,かける,multiply,さんかけるさんはきゅう。  Three times three is nine ,さんかけるさんはきゅう。,Three times three is nine 
iru,要る,need,昼食はいらない。 I don’t want lunch.,昼食はいらない。,I don’t want lunch.
shiraseru,知らせる,notify,後で知らせるよ。  I’ll let you know later. ,後で知らせるよ。,I’ll let you know later. 
okoru,起こる,"occur, happen",いつ起こったの？  When did this occur? ,いつ起こったの？,When did this occur? 
akeru,開ける  あける ,open,"目を開けてください。  Open your eyes, please. ",目を開けてください。,"Open your eyes, please. "
hiraku,開く,"open, hold (an event, party etc)",本を開くな。  Don’t open your book. ,本を開くな。,Don’t open your book. 
chuumonsuru,注文する,order (items at restaurant),"じゃあ注文します。  OK, I’ll order it. ",じゃあ注文します。,"OK, I’ll order it. "
minagiru,,overflow,町は活気でみなぎっていた。  The town was humming with activity. ,町は活気でみなぎっていた。,The town was humming with activity. 
minogasu,見逃す,"overlook, let pass",見逃すことはありませんよ。  You can’t miss it. ,見逃すことはありませんよ。,You can’t miss it. 
taosu,倒す,"overthrow, knock down",トムは彼を殴り倒した。Tom knocked him down.,トムは彼を殴り倒した。,Tom knocked him down.
nuru,塗る,paint,壁を塗っている人は私のお父さんだ。 The man painting the wall is my father.,壁を塗っている人は私のお父さんだ。,The man painting the wall is my father.
awateru,慌てる,"panic, be flustered",彼らは非常にあわてていた。  They were very confused. ,彼らは非常にあわてていた。,They were very confused. 
mojiru,,"parody, twist",その取っ手を右にねじると箱は開きます。 Twist that knob to the right and the box will open.,その取っ手を右にねじると箱は開きます。,Twist that knob to the right and the box will open.
wakareru,別れる,"part, separate from, be divided, divorced",トムはガールフレンドと別れた。Tom broke up with his girlfriend.,トムはガールフレンドと別れた。,Tom broke up with his girlfriend.
yogiru,,"pass by, drop in",恐ろしい考えが私の心をよぎった。A fearful thought entered my mind.,恐ろしい考えが私の心をよぎった。,A fearful thought entered my mind.
sugiru,過ぎる,"pass, exceed",しかし回収時間が早すぎるため、ゴミの日に出すことが難しいです。 Moreover it’s difficult to get rubbish out for garbage day because the collection time is too early.,しかし回収時間が早すぎるため、ゴミの日に出すことが難しいです。,Moreover it’s difficult to get rubbish out for garbage day because the collection time is too early.
harau,払う,pay,私が払います。I’ll pay.,私が払います。,I’ll pay.
horobiru,滅びる,perish,"肉体は滅びるが霊魂は不滅である。A man’s body dies, but his soul is immortal.",肉体は滅びるが霊魂は不滅である。,"A man’s body dies, but his soul is immortal."
kudoku,口説く,"persuade, make advances (to a woman)",それ、わたしを口説いてるの？ Are you making a pass at me?,それ、わたしを口説いてるの？,Are you making a pass at me?
sebiru,,pester for,私にお金をせびらないでくれ。  Don’t pester me for money. ,私にお金をせびらないでくれ。,Don’t pester me for money. 
utsusu,,"photograph, copy, reflect",彼は友達のノートを写すのに忙しかった。He was busy copying his friend’s notebook.,彼は友達のノートを写すのに忙しかった。,He was busy copying his friend’s notebook.
hirou,拾う,"pick up, find",彼らは木の実を拾い集めている。 They are gathering nuts.,彼らは木の実を拾い集めている。,They are gathering nuts.
hojiru,,"pick, dig out",鼻をほじるな。Don’t pick your nose.,鼻をほじるな。,Don’t pick your nose.
tsumoru,積もる,"pile up, accumulate",雪は２メートル積もった。 Snow fell two meters deep.,雪は２メートル積もった。,Snow fell two meters deep.
kasaneru,重ねる,"pile up, repeat",彼は悪事を重ねた。  He committed one crime after another. ,彼は悪事を重ねた。,He committed one crime after another. 
tsuneru,,pinch,彼女は私の腕をきつくつねった。 She pinched my arm sharply.,彼女は私の腕をきつくつねった。,She pinched my arm sharply.
keikaku suru,計画する,plan,鈴木氏はいろいろと説得して息子の留学計画をやめさせた。 Mr Suzuki persuaded his son to drop his plan to study abroad.,鈴木氏はいろいろと説得して息子の留学計画をやめさせた。,Mr Suzuki persuaded his son to drop his plan to study abroad.
kuwadateru,企てる,"plan, scheme",投資家グループは企業買収を企てています。 An investors’ group is attempting a leveraged buy-out of the firm.,投資家グループは企業買収を企てています。,An investors’ group is attempting a leveraged buy-out of the firm.
ueru,植える,plant,彼女は庭でバラを植えている。 She’s in the garden planting roses.,彼女は庭でバラを植えている。,She’s in the garden planting roses.
asobu,遊ぶ,play,遊ぶよりはまず仕事。  Business before pleasure. ,遊ぶよりはまず仕事。,Business before pleasure. 
hiku,弾く,play (string instrument),妹の方が私よりも上手にピアノを弾けます。 My sister can play the piano better than I can.,妹の方が私よりも上手にピアノを弾けます。,My sister can play the piano better than I can.
moteasobu,もて遊ぶ,play with feelings,彼女の愛情をもて遊ぶな。  Don’t toy with her affections. ,彼女の愛情をもて遊ぶな。,Don’t toy with her affections. 
takuramu,企む,"plot, scheme",彼は何か企んでいるように思える。 I think he is planning something.,彼は何か企んでいるように思える。,I think he is planning something.
mushiru,毟る,"pluck, pick, tear",ぐはっ！？俺の貴重な頭髪を、むしるな！ O-oi!? Don’t rip off my precious hair,ぐはっ！？俺の貴重な頭髪を、むしるな！,O-oi!? Don’t rip off my precious hair
sasu,刺す,"point out, sting, stab",蚊が刺した。A mosquito just bit me.,蚊が刺した。,A mosquito just bit me.
migaku,磨く,polish,彼女の車はぴかぴかに磨いてある。 Her car has a nice polish.,彼女の車はぴかぴかに磨いてある。,Her car has a nice polish.
nobasu,のばす,"postpone, extend",彼女は滞在を５日間延ばした。 She extended her stay by five days.,彼女は滞在を５日間延ばした。,She extended her stay by five days.
homeru,褒める,praise,みんないつもトニーをほめる。  Everyone always speaks well of Tony. ,みんないつもトニーをほめる。,Everyone always speaks well of Tony. 
inoru,祈る,"pray, wish for",みんなで祈ろう。  Let’s all pray together. ,みんなで祈ろう。,Let’s all pray together. 
saki no boshi ni suru,さきのばしにする,procrastinate,仕事が多いので旅行はのでさきのばしにしている。 I have so much work to do that I’m procrastinating.,仕事が多いので旅行はのでさきのばしにしている。,I have so much work to do that I’m procrastinating.
umu,産む,"produce, give birth, lay eggs",鳥は卵を産む。  Birds lay eggs. ,鳥は卵を産む。,Birds lay eggs. 
mokeru,儲ける,"profit, make money",彼はかなりの金をもうけた。  He has earned a lot of money. ,彼はかなりの金をもうけた。,He has earned a lot of money. 
mamoru,守る,protect,彼らは祖国を守った。  They defended their country. ,彼らは祖国を守った。,They defended their country. 
shoumei suru,証明する,prove,この事実は彼の無罪を証明している。  These facts prove that he is innocent. ,この事実は彼の無罪を証明している。,These facts prove that he is innocent. 
hiku,引く,pull,潮の全てはひく。  Every tide has its ebb. ,潮の全てはひく。,Every tide has its ebb. 
naguru,殴る,"punch, hit",彼は彼女を殴った。  He slapped her. ,彼は彼女を殴った。,He slapped her. 
osu,押す,"push, press","押しボタンを押して下さい。  Push the button, please. ",押しボタンを押して下さい。,"Push the button, please. "
oku,置く,put,ここに置いていいですか？  May I put it here? ,ここに置いていいですか？,May I put it here? 
ireru,入れる,"put in, let in",中に入れてよ。  Let me in. ,中に入れてよ。,Let me in. 
noseru,のせる,"put on top off, put on board",マトと玉ねぎをのせてください。  I’ll have tomato and onion. ,マトと玉ねぎをのせてください。,I’ll have tomato and onion. 
haku,履く,"put on, wear (on feet or legs – trousers/shoes etc)",靴を履いて。  Put on your shoes. ,靴を履いて。,Put on your shoes. 
todoku,届く,reach,郵便が届いた。  The mail has arrived. ,郵便が届いた。,The mail has arrived. 
oyobu,及ぶ,"reach, extend to",彼女は母親にはとても及ばない。  She is not anything like her mother. ,彼女は母親にはとても及ばない。,She is not anything like her mother. 
yomu,読む,read,本を読んでいるところです。  I am reading a book. ,本を読んでいるところです。,I am reading a book. 
najiru,,rebuke,彼らはお互いにすぐなじんだ。  They soon became quite accustomed to each other. ,彼らはお互いにすぐなじんだ。,They soon became quite accustomed to each other. 
uketoru,受け取る,"receive, accept",報酬を受け取るのを彼のプライドが許さなかった。 He was too proud to accept any reward.,報酬を受け取るのを彼のプライドが許さなかった。,He was too proud to accept any reward.
morau,もらう,"receive, get",うん。前の先生に紹介してもらって、転院したの。 Yes. She got an introduction from her previous doctor and transferred to another hospital.,うん。前の先生に紹介してもらって、転院したの。,Yes. She got an introduction from her previous doctor and transferred to another hospital.
mitomeru,認める,recognize,我々は彼の才能を認めている。We appreciate his talent.,我々は彼の才能を認めている。,We appreciate his talent.
herasu,減らす,"reduce, decrease",彼女は自分の経費を減らそうとしている。 She tried to lower her expenses.,彼女は自分の経費を減らそうとしている。,She tried to lower her expenses.
kotowaru,断わる,"refuse, decline",彼女は彼の求婚を断った。 She turned down his proposal.,彼女は彼の求婚を断った。,She turned down his proposal.
oshimu,惜しむ,"regret, be reluctant",彼の死は惜しんでも余りあるものだ。 We cannot grieve over his death too deeply.,彼の死は惜しんでも余りあるものだ。,We cannot grieve over his death too deeply.
omoidasu,思い出す,remember,ああ思い出したぞ。Now I remember.,ああ思い出したぞ。,Now I remember.
oboeru,覚える,"remember, learn",覚えていない。  I don’t remember. ,覚えていない。,I don’t remember. 
hazusu,外す,"remove, unfasten",それから彼はメガネをはずした。  He took off his glasses after that. ,それから彼はメガネをはずした。,He took off his glasses after that. 
naosu,直す,"repair, cure",誤りを直せ。  Correct errors. ,誤りを直せ。,Correct errors. 
kurikaesu,繰り返す,repeat,歴史は繰り返す。  History repeats itself. ,歴史は繰り返す。,History repeats itself. 
tanomu,頼む,"request, order, ask favour",頼むよー。  I’m begging you. ,頼むよー。,I’m begging you. 
motomeru,求める,"request, seek, buy, ask",誰でも幸福を求める。  Everyone seeks happiness. ,誰でも幸福を求める。,Everyone seeks happiness. 
sukuu,救う,"rescue, save",彼女は自分の子供達が溺れるのを、救った。 She saved her children from drowning.,彼女は自分の子供達が溺れるのを、救った。,She saved her children from drowning.
niru,似る,resemble,メアリーは父親似だ。  Mary takes after her father. ,メアリーは父親似だ。,Mary takes after her father. 
sonkei suru,尊敬する,respect,僕は彼のような奴を尊敬したくない。 I don’t want to respect a man like him.,僕は彼のような奴を尊敬したくない。,I don’t want to respect a man like him.
yasumu,休む,rest,休みたいですか。Do you want to rest?,休みたいですか。,Do you want to rest?
osaeru,抑える,"restrain, control",彼は怒りを抑えた。  He forbore his anger. ,彼は怒りを抑えた。,He forbore his anger. 
kaeru,帰る,return,家に帰る。  I’m going home. ,家に帰る。,I’m going home. 
modoru,戻る,"return, go back",すぐに戻ります。  I’ll return immediately. ,すぐに戻ります。,I’ll return immediately. 
modosu,戻す,"return, put back, vomit",それを私に戻して下さい。  Bring it back to me. ,それを私に戻して下さい。,Bring it back to me. 
fukushuu suru,復習する,review,第５課を復習しましょう。  Let’s review Lesson 5. ,第５課を復習しましょう。,Let’s review Lesson 5. 
azakeru,,ridicule,彼は私の努力をあざけった。  He mocked my efforts. ,彼は私の努力をあざけった。,He mocked my efforts. 
minoru,実る,"ripen, bear fruit",彼の努力が実った。  His efforts bore fruit. ,彼の努力が実った。,His efforts bore fruit. 
hashiru,走る,run,列車が橋の上を走っているのを見てごらん。 Look at the train going over the bridge.,列車が橋の上を走っているのを見てごらん。,Look at the train going over the bridge.
nigeru,逃げる,"run away, escape",逃げるな。  Don’t you go away. ,逃げるな。,Don’t you go away. 
takuwaeru,蓄える,"save money, put aside, store",彼は富を蓄えた。  He has accumulated wealth. ,彼は富を蓄えた。,He has accumulated wealth. 
tameru,ためる,"save, store, accumulate",原住民は雨水をためて飲料水にしている。 The natives collect and store rain-water to drink.,原住民は雨水をためて飲料水にしている。,The natives collect and store rain-water to drink.
iu,言う,say,「あばたもえくぼ」って言うからね。 They say love is blind,「あばたもえくぼ」って言うからね。,They say love is blind
shikaru,叱る,"scold, tell off",父は私が時間を守らないと言って叱った。 My father scolded me for not being punctual.,父は私が時間を守らないと言って叱った。,My father scolded me for not being punctual.
nakisakebu,泣き叫ぶ,scream,怪我をしないうちから泣き叫ぶな。  Don’t scream before you get injured. ,怪我をしないうちから泣き叫ぶな。,Don’t scream before you get injured. 
sagasu,探す,search,何を探しているの？What are you looking for?,何を探しているの？What,are you looking for?
sagasu,探す,search for,コートを探してます。 I’m looking for a coat.,コートを探してます。,I’m looking for a coat.
miru,見る,see,我々を見てにたりと笑った。 He grinned broadly at us.,我々を見てにたりと笑った。,He grinned broadly at us.
uru,売る,sell,母は自分の大切なものをすべて売ってしまった。 My mother has sold everything that is dear to her,母は自分の大切なものをすべて売ってしまった。,My mother has sold everything that is dear to her
okuru,送る,"send, see off",駅まで車で送ってくれませんか。 Could you give me a lift to the train station?,駅まで車で送ってくれませんか。,Could you give me a lift to the train station?
kizuku,気付く,"sense, realize, notice",彼は私がいることに気づいた。 He noticed my presence.,彼は私がいることに気づいた。,He noticed my presence.
hanareru,離れる,"separate from, leave",なぜ頭から離れない。 Why do I even care?,なぜ頭から離れない。,Why do I even care?
teru,照る,shine,"降ろうが照ろうが、私は行く。 I will go, rain or shine",降ろうが照ろうが、私は行く。,"I will go, rain or shine"
hikaru,光る,"shine, glitter",凍結した道路が日光を浴びてまばゆく光った。 The icy road sparkled in the sunlight.,凍結した道路が日光を浴びてまばゆく光った。,The icy road sparkled in the sunlight.
kagayaku,輝く,"shine, sparkle",夜は太陽が輝かない。 The sun doesn’t shine at night.,夜は太陽が輝かない。,The sun doesn’t shine at night.
utsu,,shoot,"動くな撃つぞ。Don’t move, or I’ll shoot you.",動くな撃つぞ。,"Don’t move, or I’ll shoot you."
miseru,見せる,show,"料金表を見せて下さい。 Show me a list of your rates, please.",料金表を見せて下さい。,"Show me a list of your rates, please."
shimeru,閉める,shut,忘れずに安全ベルトを閉めなさい。 Don’t forget to fasten your safety belts.,忘れずに安全ベルトを閉めなさい。,Don’t forget to fasten your safety belts.
utau,歌う,sing,はい。これならそらで歌えます。 Yes. This one I can sing from memory.,はい。これならそらで歌えます。,Yes. This one I can sing from memory.
kankou suru,観光する,sightsee,"今日は休んで明日観光します。  We’ll rest today, but sightsee tomorrow. ",今日は休んで明日観光します。,"We’ll rest today, but sightsee tomorrow. "
suwaru,座る,sit,"授業の終わり近くになると、教師が一言も「静かにしなさい」「座りなさい！」と言わないにもかかわらず、自然と子どもたちは自分の席に戻り静かになる。 As the lesson comes to an end, even if the teacher doesn’t say a word of “be quiet”, “sit down!,” the children naturally return to their seats and quieten down.",授業の終わり近くになると、教師が一言も「静かにしなさい」「座りなさい！」と言わないにもかかわらず、自然と子どもたちは自分の席に戻り静かになる。,"As the lesson comes to an end, even if the teacher doesn’t say a word of “be quiet”, “sit down!,” the children naturally return to their seats and quieten down."
koshikakeru,腰掛ける,sit in (western style),彼女は腰掛けて足を組んだ。 She sat down and crossed her legs.,彼女は腰掛けて足を組んだ。,She sat down and crossed her legs.
saboru,サボる,skip school/class,彼らはいつも学校をサボっています。  They skip school all the time. ,彼らはいつも学校をサボっています。,They skip school all the time. 
neru,寝る,"sleep, go to bed",寝るのが好き。  I like sleeping. ,寝るのが好き。,I like sleeping. 
hirateuchi suru,平手打ちする,slap,その子はお行儀悪くして母親に平手打ちされた。  That kid got a slap from his mother for being rude. ,その子はお行儀悪くして母親に平手打ちされた。,That kid got a slap from his mother for being rude. 
suberu,滑る,slip,彼は氷の上ですべった。  He slipped on the ice. ,彼は氷の上ですべった。,He slipped on the ice. 
kowasu,壊す,smash,誰がこれを壊したのですか？  Who broke this? ,誰がこれを壊したのですか？,Who broke this? 
suu,吸う,smoke,私はタバコを吸う。  I smoke cigarettes. ,私はタバコを吸う。,I smoke cigarettes. 
kushumi suru,くしゃみする,sneeze,うちの犬がくしゃみするのは見たことあるけど、猫は一度もないな。  I’ve seen my dog sneeze but never my cat ,うちの犬がくしゃみするのは見たことあるけど、猫は一度もないな。,I’ve seen my dog sneeze but never my cat 
toku,,"solve, untie",この問題は解くのが難しい。  This problem is difficult to solve. ,この問題は解くのが難しい。,This problem is difficult to solve. 
kobosu,こぼす,spill,私は床に卵をこぼした。  I spilled egg on the floor. ,私は床に卵をこぼした。,I spilled egg on the floor. 
koboreru,こぼれる,"spill, overflow",ミルクが煮えこぼれた。  The milk boiled over. ,ミルクが煮えこぼれた。,The milk boiled over. 
shiku,敷く,"spread out, lay",床にカーペットを敷いた。  They laid the carpet on the floor. ,床にカーペットを敷いた。,They laid the carpet on the floor. 
hiromaru,広まる,"spread, become popular",ニュースはすぐに広まった。  The news quickly spread. ,ニュースはすぐに広まった。,The news quickly spread. 
hiromeru,広める,"spread, make popular",旅行は人の視野を広める。  Travel broadens one’s horizons. ,旅行は人の視野を広める。,Travel broadens one’s horizons. 
miharu,見張る,"stand guard, keep lookout",彼を見張れ。  Keep watch on him. ,彼を見張れ。,Keep watch on him. 
kamaeru,構える,stand prepared,気長に構える必要があります。  You have to be patient. ,気長に構える必要があります。,You have to be patient. 
tatsu,立つ,stand up,立ちなさい。  Stand up! ,立ちなさい。,Stand up! 
hajimeru,始める,start,では始めましょう。  Then let us begin. ,では始めましょう。,Then let us begin. 
nusumu,盗む,steal,盗むのは悪いことだ。  It is bad to steal. ,盗むのは悪いことだ。,It is bad to steal. 
fumu,踏む,step on,彼は電車の中で、態と私の足を踏みました。 He trod on my foot on purpose in the train.,彼は電車の中で、態と私の足を踏みました。,He trod on my foot on purpose in the train.
haru,張る,"stick, put something on",封筒にもう１枚切手をはりなさい。Stick another stamp on the envelope.,封筒にもう１枚切手をはりなさい。,Stick another stamp on the envelope.
tomaru,止まる,stop,ここで止まるな。  Don’t stop here. ,ここで止まるな。,Don’t stop here. 
damaru,黙る,stop talking,"黙ってろ。さもないと命はないぞ。 Hold your tongue, or you’ll be killed.",黙ってろ。さもないと命はないぞ。,"Hold your tongue, or you’ll be killed."
yameru,止める,"stop, give up, resign",喋るのをやめろ。  Stop talking. ,喋るのをやめろ。,Stop talking. 
katameru,固める,strengthen,守りを固めろ！来るぞ！  Tighten the defences! They’re coming! ,守りを固めろ！来るぞ！,Tighten the defences! They’re coming! 
tsuyomeru,強める,strengthen,このビタミンは病気に対する抵抗力を強めます。  This vitamin boosts your immune system from diseases. ,このビタミンは病気に対する抵抗力を強めます。,This vitamin boosts your immune system from diseases. 
hagemu,励む,"strive, make every effort",彼は勉強に励んでいる。He is diligent in his study.,彼は勉強に励んでいる。,He is diligent in his study.
tsumeru,詰める,stuff into/pack/fill,"バスの中ほどへ詰めて下さい。 Move into the bus, please!",バスの中ほどへ詰めて下さい。,"Move into the bus, please!"
touroku,登録する,subscribe,新しいメルマガに登録しました. I subscribed to a new email magazine.,新しいメルマガに登録しました,".""I subscribed to a new email magazine."""
sashihiku,差し引く,subtract/minus,はちひくいちはななです。  Eight minus one is seven. ,はちひくいちはななです。,Eight minus one is seven. 
seikou suru,成功する,succeed,彼は必ず成功する。  He is sure to succeed ,彼は必ず成功する。,He is sure to succeed 
kurushimu,苦しむ,suffer,胃痛に苦しむ。  I suffer from a stomach ache. ,胃痛に苦しむ。,I suffer from a stomach ache. 
iidasu,言い出す,"suggest, start talking",これはだれかの言い出したことかい。  Was this somebody else’s idea? ,これはだれかの言い出したことかい。,Was this somebody else’s idea? 
kanau,適う,"suit, come true",夢は叶った。Dreams came true.,夢は叶った。,Dreams came true.
sasaeru,支える,support,彼女は彼が貧しいときも彼を支えるすばらしい配偶者だった。 She was an excellent spouse who stood by him through poverty.,彼女は彼が貧しいときも彼を支えるすばらしい配偶者だった。,She was an excellent spouse who stood by him through poverty.
kakomu,囲む,"surround, enclose",彼女の家は白い垣根で囲まれている。 Her house is surrounded by a white fence.,彼女の家は白い垣根で囲まれている。,Her house is surrounded by a white fence.
oyogu,泳ぐ,swim,彼は泳げる。He can swim.,彼は泳げる。,He can swim.
toru,取る,take,メモを取りなさい。  You should take notes. ,メモを取りなさい。,You should take notes. 
kakaru,掛かる,take (length of time),何分かかりますか。  How long is the ride? ,何分かかりますか。,How long is the ride? 
abiru,浴びる,take a shower,さっとシャワーを浴びた。  She grabbed a shower. ,さっとシャワーを浴びた。,She grabbed a shower. 
hikiukeru,引き受ける,take charge of,がそれを引き受けます。  I’ll see to it. ,がそれを引き受けます。,I’ll see to it. 
nugu,脱ぐ,"take off, remove (shoes, clothes)",コートを脱ぎなさい。  Take off your coat. ,コートを脱ぎなさい。,Take off your coat. 
ririku suru,離陸する,take off (plane),午後十時に離陸する  take off at 10 PM ,午後十時に離陸する,take off at 10 PM 
kakawaru,関わる,"take part in, affect",私は関わっていない。  I am not getting involved. ,私は関わっていない。,I am not getting involved. 
hanasu,話す,talk,ジャックは英語を話す。Jack speaks English.,ジャックは英語を話す。,Jack speaks English.
iikaesu,言い換える,"talk back, retort",それを他の言葉に言い換えなさい。  Say it in another way. ,それを他の言葉に言い換えなさい。,Say it in another way. 
oshieru,教える,"teach, show",教える事は学ぶ事である。  Teaching is learning. ,教える事は学ぶ事である。,Teaching is learning. 
yaburu,,"tear, break, defeat",彼は決して約束やぶらない。He never breaks his promise.,彼は決して約束やぶらない。,He never breaks his promise.
hiyakasu,冷やかす,"tease, make fun of",人前で彼を冷やかすなんて君は意地悪だ。It is mean of you to ridicule him in public.,人前で彼を冷やかすなんて君は意地悪だ。,It is mean of you to ridicule him in public.
imashimeru,戒める,"tell off, caution",彼は息子の怠惰さを戒めた。  He admonished his son for being lazy. ,彼は息子の怠惰さを戒めた。,He admonished his son for being lazy. 
tamesu,試す,"test, try, taste",このソース試してみて。  Try this sauce ,このソース試してみて。,Try this sauce 
kansha suru,感謝する,thank,心から感謝します。  I really appreciate it. ,心から感謝します。,I really appreciate it. 
kangaeru,考える,think,考えてください。  Please think it over. ,考えてください。,Please think it over. 
omou,思う,think,そう思います。I agree.,そう思います。,I agree.
omoitsuku,思いつく,Think of / come into your mind,良いアイデアが思いついた。  A good idea came to mind. ,良いアイデアが思いついた。,A good idea came to mind. 
nageru,投げる,throw,ボールを投げてください。  Please throw the ball. ,ボールを投げてください。,Please throw the ball. 
suteru,捨てる,throw away,こにゴミを捨てるべからず。  Don’t throw trash here. ,こにゴミを捨てるべからず。,Don’t throw trash here. 
musubu,結ぶ,"tie, knot, make a contract",靴の紐を結びなさい。  Tie your shoelaces. ,靴の紐を結びなさい。,Tie your shoelaces. 
uwamawaru,上回る,"top, exceed",もちろん利潤は生産費を上回るべきです。  Benefits of course should exceed the costs. ,もちろん利潤は生産費を上回るべきです。,Benefits of course should exceed the costs. 
ijimeru,虐める,"torment, bully",彼は以前友達をいじめていた。  He used to bully his friends. ,彼は以前友達をいじめていた。,He used to bully his friends. 
ibiru,,"torment, roast","私をいびらないで。  Don’t pick on me, please. ",私をいびらないで。,"Don’t pick on me, please. "
fureru,触れる,touch,手を触れるな。  Don’t touch. ,手を触れるな。,Don’t touch. 
sawaru,触る,touch or feel (physically),それに触るな。  Don’t touch it. ,それに触るな。,Don’t touch it. 
norikaeru,乗り換える,transit,乗り換えるのですか。  Do I have to change trains? ,乗り換えるのですか。,Do I have to change trains? 
ryoukousuru,旅行する,travel,私はよく旅行します。  I often travel. ,私はよく旅行します。,I often travel. 
damasu,騙す,trick,私を騙さないで下さい。  Don’t deceive me. ,私を騙さないで下さい。,Don’t deceive me. 
chōsen suru,挑戦する,try,スカイダイビングに挑戦したいのです。I’d like to try skydiving.,スカイダイビングに挑戦したいのです。,I’d like to try skydiving.
magaru,曲がる,turn,左へ曲がりなさい。  Turn to the left. ,左へ曲がりなさい。,Turn to the left. 
kesu,消す  けす ,"turn off, erase",電気を消すな。  Don’t turn off the light. ,電気を消すな。,Don’t turn off the light. 
tsukeru,点ける  つける ,"turn on, light",ラジオをつけなさい。Turn on the radio.,ラジオをつけなさい。,Turn on the radio.
nejiru,捩じる,twist,その取っ手を右にねじると箱は開きます。 Twist that knob to the right and the box will open.,その取っ手を右にねじると箱は開きます。,Twist that knob to the right and the box will open.
yojiru,,"twist, distort",その取っ手を右にねじると箱は開きます。Twist that knob to the right and the box will ope,その取っ手を右にねじると箱は開きます。,Twist that knob to the right and the box will ope
wakaru,分かる,understand,分かる、分かる。I know what you mean.,分かる、分かる。,I know what you mean.
kumu,組む,"unite, put together",私はテニスで彼女と組んだ。  I partnered her in tennis. ,私はテニスで彼女と組んだ。,I partnered her in tennis. 
hodoku,解く,untie,その問題を解くのは難しい。  The problem is difficult to solve. ,その問題を解くのは難しい。,The problem is difficult to solve. 
tsukau,使う,use,私がそれを使います。  I use it. ,私がそれを使います。,I use it. 
tsukau,使う,"use, operate",私がそれを使います。  I use it. ,私がそれを使います。,I use it. 
kieru,消える,"vanish, go out, be extinguished",頭痛が消えた。  My headache has gone away. ,頭痛が消えた。,My headache has gone away. 
gero wo haku,ゲロをはく,vomit/throw up,私は大変気分が悪い。ゲロをはきたいです。  I feel very sick. I want to throw up. ,私は大変気分が悪い。ゲロをはきたいです。,I feel very sick. I want to throw up. 
matsu,待つ,wait,ちょっと待って。  Wait a moment. ,ちょっと待って。,Wait a moment. 
okosu,起こす,wake (somebody) up,彼女は彼を起こした。  She woke him up. ,彼女は彼を起こした。,She woke him up. 
aruku,歩く,walk,歩きましょうか。  Shall we walk? ,歩きましょうか。,Shall we walk? 
hoshigaru,欲しがる,"want, desire",赤ん坊は母乳を欲しがる。  A baby craves its mother’s milk. ,赤ん坊は母乳を欲しがる。,A baby craves its mother’s milk. 
arau,洗う,wash,足を洗いなさい。  Wash your feet. ,足を洗いなさい。,Wash your feet. 
atatamaru,暖まる。,"warm up, heat up",この部屋はすぐに暖まる。  This room will soon heat up. ,この部屋はすぐに暖まる。,This room will soon heat up. 
miru,見る,watch,私はテレビを見る。  I watch television. ,私はテレビを見る。,I watch television. 
nagameru,眺める,"watch, view",星をながめるのは興味深()い。It is interesting to watch stars.,星をながめるのは興味深,"("")い。 It is interesting to watch stars."""
kiru,着る,wear,コートを着なさい。  Put on your coat. ,コートを着なさい。,Put on your coat. 
kaburu,被る,"wear (on your head), put on",彼女は帽子をかぶった。  She put on her hat. ,彼女は帽子をかぶった。,She put on her hat. 
katsu,勝つ,win,どっちが勝ってるの？  Who’s winning? ,どっちが勝ってるの？,Who’s winning? 
hataraku,働く,work,彼女はよく働く。  She works hard. ,彼女はよく働く。,She works hard. 
tsutomeru,勤める,work for,あなたはどこに勤めていますか。  Where do you work? ,あなたはどこに勤めていますか。,Where do you work? 
kizukau,気遣う,"worry about, consider",彼女は君の安否を気遣っているよ。  She has anxiety for your safety. ,彼女は君の安否を気遣っているよ。,She has anxiety for your safety. 
matsuru,祀る,worship,この記念碑は祖国に命を捧げた兵士を祭っている。 This monument is dedicated to the soldiers who gave their lives to their country.,この記念碑は祖国に命を捧げた兵士を祭っている。,This monument is dedicated to the soldiers who gave their lives to their country.
kizutsukeru,傷つける,"wound, damage, harm",他人を傷つけることはよくない。 It is bad to hurt others.,他人を傷つけることはよくない。,It is bad to hurt others.
tsutsumu,包む,wrap,美しい包装紙に包んでもらえますか。 Could you gift wrap it?,美しい包装紙に包んでもらえますか。,Could you gift wrap it?
kaku,書く,write,脚本を書いていて、行き詰まった時はどうする？ What do you do when you get writer’s block while writing a script?,脚本を書いていて、行き詰まった時はどうする？,What do you do when you get writer’s block while writing a script?
akubi wo suru,あくびする,yawn,大あくびをして。  Yawn a big long yawn. ,大あくびをして。,Yawn a big long yawn. 
donaru,怒鳴る,yell,私に怒鳴ったりしないでよ。  Don’t yell at me. ,私に怒鳴ったりしないでよ。,Don’t yell at me. 
